Nom;Puissance;Chance_incendie;Type_moteur;Poids;Tier_latin;Pays;Compatibilite;Prix;Type_credit;Expérience
Cunningham V-type;110;0,2;Gasoline;200;I;USA;T1 Cunningham;0 ;c;
Cunningham V8;132;0,2;Gasoline;300;II;USA;T1 Cunningham;650 ;c;
Liberty;330;0,2;Gasoline;450;II;USA;T2 Medium Tank;990 ;c;
Continental R670-7;250;0,2;Gasoline;256;III;USA;M2 Light Tank;2,000 ;c;
Continental W-670;262;0,2;Gasoline;256;III;USA;M3 Stuart, M41, M37, T18, T82;8,200 ;c;
Continental W-670;262;0,2;Gasoline;256;III;USA;T7 Combat Car;;;
Continental W-670-7;262;0,2;Gasoline;256;III;USA;M2 Light Tank;5,600 ;c;
Guiberson T-10204;220;0,2;Gasoline;331;III;USA;M2 Light Tank;500 ;c;
Guiberson T-1020-4;245;0,12;Diesel;331;III;USA;T18, T82, M3 Stuart;5,000 ;c;
Hercules HXE;240;0,12;Gasoline;331;III;USA;MTLS-1G14;;;
Wright Continental R-975C2;340;0,2;Gasoline;549;III;USA;T2 Medium Tank, M2 Medium Tank;9,200 ;c;
Continental W-670 Series 12;288;0,2;Gasoline;256;III;USA;T57;8,200 ;c;
American LaFrance 312A V-12;244;0,2;Gasoline;800;IV;USA;T1E6;;;
Buick Series 60;330;0,2;Gasoline;756;IV;USA;T49;10,400 ;c;
Continental R-670-5;265;0,2;Gasoline;256;IV;USA;T2 Light Tank;;;
Continental R-975-C1;350;0,2;Gasoline;500;IV;USA;T18, T82, M3 Stuart, M8A1, M5 Stuart;10,500 ;c;
Lycoming 0-435t;192;0,2;Gasoline;256;IV;USA;M22 Locust;;;
Twin Cadillac 42A series;320;0,2;Gasoline;530;IV;USA;M41;10,350 ;c;
Twin Cadillac 42 series;320;0,2;Gasoline;530;IV;USA;M37, M8A1, M5 Stuart;10,350 ;c;
Twin Cadillac, Series 44T4;296;0,2;Gasoline;530;IV;USA;M41, M37;8,100 ;c;
Wright Continental R-975C1;400;0,2;Gasoline;516;IV;USA;M4 Sherman, M4A3E8 Sherman, T57, M7 Priest, M7, M10 Wolverine, M36 Jackson, M40/M43, M12, M24 Chaffee, M4A3E2 Sherman Jumbo, M18 Hellcat;11,000 ;c;
Wright Continental R-975EC2;350;0,2;Gasoline;515;IV;USA;M7 Priest, M4 Sherman, M7, M10 Wolverine, M36 Jackson, M18 Hellcat, M40/M43;10,500 ;c;
Wright R-975EC2;400;0,2;Gasoline;515;IV;USA;M2 Medium Tank, T40, M3 Lee, M12;11,600 ;c;
2x44E24 V-8 Cadillac;300;0,2;Gasoline;256;IV;USA;M24 Chaffee;8,000 ;c;
Chrysler A57;440;0,2;Gasoline;570;V;USA;T40, M3 Lee, M12;13,900 ;c;
Continental AOI-628-1;340;0,2;Gasoline;498;V;USA;T71;14,000 ;c;
Wright Continental R-975C3;440;0,2;Gasoline;569;V;USA;Ram II;;;
GMC 6046;420;0,15;Diesel;549;V;USA;M10 Wolverine, M36 Jackson;13,500 ;c;
General Motors 6046;420;0,15;Diesel;549;V;USA;M4A2E4 Sherman;;;
Wright Continental R-975C4;460;0,2;Gasoline;550;V;USA;M4 Sherman, M4A3E8 Sherman, M7 Priest, M7, M40/M43, M12, M4A3E2 Sherman Jumbo, T49, M18 Hellcat, T69;13,900 ;c;
Wright G200 M795C9GC1;700;0,2;Gasoline;612;V;USA;T1 Heavy Tank;22,500 ;c;
Ford GAA early;500;0,2;Gasoline;708;VI;USA;M7 Priest, M40/M43, M12;29,000 ;c;
Ford GAF;440;0,2;Gasoline;569;VI;USA;T28, T28 Prototype, T92, T95;25,300 ;c;
Ford GAFM2A1;510;0,2;Gasoline;569;VI;USA;T28, T28 Prototype, T95;34,600 ;c;
Ford GAF T92;500;0,2;Gasoline;641;VI;USA;T92;38,700 ;c;
Ford GAF V8;500;0,2;Gasoline;569;VI;USA;T26E4 Super Pershing;;;
Wright G2X M781C9GC1;825;0,2;Gasoline;612;VI;USA;T1 Heavy Tank, M6;30,000 ;c;
Continental AOI-628-2;400;0,2;Gasoline;498;VII;USA;T71;34,000 ;c;
Continental AOS-895-1;500;0,2;Gasoline;256;VII;USA;M24 Chaffee;38,500 ;c;
Continental AOS-895-3;500;0,2;Gasoline;771;VII;USA;T69, M44;31,000 ;c;
Ford GAA;520;0,2;Gasoline;569;VII;USA;M4A3E8 Sherman, T20, M4A3E2 Sherman Jumbo, T21;36,000 ;c;
Ford GAZ;720;0,2;Gasoline;556;VII;USA;T29, T32;43,500 ;c;
Ford GAZ;720;0,2;Gasoline;556;VII;USA;T14;;;
Ford GAN;560;0,2;Gasoline;569;VII;USA;T25 AT, T20, T21, T25/2, M26 Pershing, M46 Patton;37,200 ;c;
Wright G200 M781C9GC1;960;0,2;Gasoline;612;VII;USA;T1 Heavy Tank, M6;47,600 ;c;
Continental AOSI-895-5;550;0,2;Gasoline;771;VIII;USA;T69, M44;43,000 ;c;
Continental AV-1790-1;704;0,2;Gasoline;569;VIII;USA;T25 AT, T25/2, M26 Pershing, T54E1, M46 Patton;45,000 ;c;
Continental AV-1790-3;800;0,2;Gasoline;569;VIII;USA;T29, T32, T30, T54E1;59,000 ;c;
GMC Allison V1710-E32;760;0,2;Gasoline;556;VIII;USA;T29, T32;48,500 ;c;
Ford GAC;770;0,2;Gasoline;839;VIII;USA;M53/M55;59,000 ;c;
AV-1790-5A;820;0,2;Gasoline;569;IX;USA;M46 Patton;99,000 ;c;
Continental AV-1790-3A1;810;0,2;Gasoline;1057;IX;USA;T34;;;
Continental AV-1790-5B;810;0,2;Gasoline;569;IX;USA;T54E1, M103;80,000 ;c;
AOI-1490;875;0,2;Gasoline;12;X;USA;T110E5, T110E4, T110E3;100,000 ;c;
Continental AV-1790-2;750;0,1;Diesel;2053;X;USA;M60;;;
Continental AV-1790-5;860;0,2;Gasoline;569;X;USA;T30;100,000 ;c;
Continental AV-1790-5C;810;0,2;Gasoline;1159;X;USA;T57 Heavy Tank;99,000 ;c;
Continental AV-1790-7B;810;0,12;Gasoline;1171;X;USA;M48A1 Patton, M53/M55;100,000 ;c;
Continental AV-1790-7C;860;0,2;Gasoline;569;X;USA;M103;100,000 ;c;
Wright G200 M781 C9GC5;960;0,2;Gasoline;612;X;USA;M6A2E1;;;
Armstrong Siddeley V8;90;0,2;Gasoline;200;I;Royaumes-Unis;Vickers Medium Mk. I, Vickers Medium Mk. II, Birch Gun;0 ;c;
Rolls-Royce Phantom;120;0,2;Gasoline;340;I;Royaumes-Unis;Cruiser Mk. I, Cruiser Mk. II;300 ;c;
Armstrong Siddeley V8 SC;110;0,2;Gasoline;200;I;Royaumes-Unis;Vickers Medium Mk. I, Vickers Medium Mk. II, Birch Gun;350 ;c;
Ford V8-220;65;0,2;Gasoline;238;I;Royaumes-Unis;Loyd Gun Carriage;100 ;c;
Ford V8-221;85;0,2;Gasoline;238;I;Royaumes-Unis;Universal Carrier 2-pdr, Loyd Gun Carriage;200 ;c;
Ford V8-239;100;0,2;Gasoline;258;I;Royaumes-Unis;Universal Carrier 2-pdr;350 ;c;
AEC A189;135;0,2;Gasoline;800;II;Royaumes-Unis;Valentine, Valentine AT, Bishop;2,150 ;c;
AEC Type 179;150;0,2;Gasoline;360;II;Royaumes-Unis;Cruiser Mk. I, Cruiser Mk. II;1,200 ;c;
2x AEC;174;0,15;Diesel;331;III;Royaumes-Unis;Matilda;4,550 ;c;
AEC A190;131;0,15;Diesel;800;III;Royaumes-Unis;Valentine, Valentine AT, Bishop;2,500 ;c;
2x Armstrong Siddeley;180;0,2;Gasoline;400;III;Royaumes-Unis;Vickers Medium Mk. III;4,550 ;c;
2x Leyland E164;190;0,15;Diesel;331;III;Royaumes-Unis;Matilda;4,000 ;c;
2x Leyland E165;190;0,15;Diesel;331;III;Royaumes-Unis;Matilda Black Prince;;;
Nuffield Liberty Mk. II;340;0,2;Gasoline;383;III;Royaumes-Unis;Cruiser Mk. III, Cruiser Mk. IV, AT 2, AT 8;500 ;c;
Sunbeam Amazon;160;0,2;Gasoline;340;III;Royaumes-Unis;Vickers Medium Mk. II;3,000 ;c;
Meadows H.O.P;162;0,2;Gasoline;362;III;Royaumes-Unis;Alecto;4,000 ;c;
Meadows H.O.P O.C.;180;0,2;Diesel;362;III;Royaumes-Unis;Alecto;4,700 ;c;
GMC 6004 6-71S;138;0,15;Diesel;991;IV;Royaumes-Unis;Valentine, Valentine AT, Bishop;9,000 ;c;
Meadows D.A.V.;300;0,2;Gasoline;724;IV;Royaumes-Unis;Covenanter, Churchill I, Churchill VII, Churchill Gun Carrier;9,000 ;c;
Meadows D.A.V. O.C.;360;0,4;Gasoline;724;IV;Royaumes-Unis;Covenanter;11,200 ;c;
Nuffield Liberty Mk. III;395;0,2;Gasoline;383;IV;Royaumes-Unis;Crusader, Cruiser Mk. IV, Cruiser Mk. III, AT 2, AT 8, AT 7, Crusader 5.5-in. SP;11,500 ;c;
2x Rolls-Royce Phantom II;220;0,2;Gasoline;680;IV;Royaumes-Unis;Vickers Medium Mk. III;10,000 ;c;
Bedford Twin-Six;350;0,2;Gasoline;1531;IV;Royaumes-Unis;Churchill I, Churchill VII, Black Prince, Churchill Gun Carrier;11,000 ;c;
Wright Continental R-975C1;400;0,2;Gasoline;516;IV;Royaumes-Unis;Sexton II;11,580 ;c;
Wright Continental R-975C4;460;0,2;Gasoline;550;V;Royaumes-Unis;Sexton II;13,900 ;c;
Wright (Continental) R975 EC2;390;0,2;Gasoline;516;V;Royaumes-Unis;Sexton I;;;
GMC 6004 6-71A;165;0,15;Diesel;991;V;Royaumes-Unis;Valentine, Valentine AT, Bishop;11,000 ;c;
Nuffield Liberty Mk. V;410;0,2;Gasoline;383;V;Royaumes-Unis;Cromwell, Crusader, AT 8, AT 7, Crusader 5.5-in. SP;11,500 ;c;
Rolls-Royce Meteorite V8;350;0,2;Gasoline;496;V;Royaumes-Unis;FV304;12,000 ;c;
Rolls-Royce Meteor M300;500;0,2;Gasoline;744;V;Royaumes-Unis;FV304;15,000 ;c;
Rolls-Royce Meteor;600;0,2;Gasoline;744;V;Royaumes-Unis;Cromwell, Comet, Black Prince, Centurion Mk. I, AT 15, Excelsior;14,000 ;c;
Rolls-Royce Meteor Mk. IVB;650;0,2;Gasoline;744;V;Royaumes-Unis;Cromwell, Caernarvon, Conqueror, Comet, Centurion Mk. 7/1, Centurion Mk. I, FV3805, FV207;16,000 ;c;
Rolls-Royce Meteor Mk. V;650;0,2;Gasoline;744;V;Royaumes-Unis;AT 15, Tortoise;44,000 ;c;
Paxman 12TP;600;0,15;Diesel;3;V;Royaumes-Unis;TOG II*;;;
Rolls-Royce Meteor MK. IVB;650;0,2;Gasoline;744;V;Royaumes-Unis;AT 15A;;;
Ford GAA;520;0,2;Gasoline;708;VII;Royaumes-Unis;AT 7, AT 15;13,000 ;c;
Rolls-Royce Meteor M120;810;0,2;Gasoline;744;IX;Royaumes-Unis;Caernarvon, Conqueror, Conqueror Gun Carriage, Tortoise;92,000 ;c;
Rolls-Royce Meteor Mk. IVC;750;0,2;Gasoline;744;IX;Royaumes-Unis;Caernarvon, Conqueror, Centurion Mk. 7/1, Centurion Mk. I, FV3805, FV207;84,000 ;c;
Rolls-Royce Griffon;950;0,2;Gasoline;952;X;Royaumes-Unis;Centurion Mk. 7/1, Conqueror, FV215b;100,000 ;c;
Rolls-Royce Meteor M120A;810;0,2;Gasoline;744;X;Royaumes-Unis;FV4202;50,000 ;c;
Rolls-Royce Meteor Mk. 12;800;0,2;Gasoline;744;X;Royaumes-Unis;FV215b (183);50,000 ;c;
Krupp M301;51;0,2;Gasoline;200;I;Allemagne;Leichttraktor;0 ;c;
Krupp M305;60;0,2;Gasoline;220;I;Allemagne;Sturmpanzer I Bison, Pz.Kpfw. I;290 ;c;
Hotchkiss;75;0,2;Gasoline;200;I;Allemagne;Pz.Kpfw. 38H 735 (f);;;
Rolls-Royce I-6;66;0,2;Gasoline;250;I;Allemagne;G.Pz. Mk. VI (e);145 ;c;
Krupp M311;85;0,2;Gasoline;300;II;Allemagne;Sturmpanzer I Bison, Leichttraktor, Panzerjäger I, Pz.Kpfw. I;400 ;c;
Meadows ESTL;88;0,2;Gasoline;250;II;Allemagne;G.Pz. Mk. VI (e);200 ;c;
Maybach HL 57 TR;130;0,2;Gasoline;540;II;Allemagne;Pz.Kpfw. II, Wespe, Marder II;1,120 ;c;
Maybach HL 38 TR;100;0,2;Gasoline;500;II;Allemagne;Sturmpanzer I Bison, Leichttraktor, Panzerjäger I, Pz.Kpfw. I;700 ;c;
Praga TNPS;120;0,2;Gasoline;350;II;Allemagne;Pz.Kpfw. 38 (t), Hetzer;1,150 ;c;
Praga TN 100;100;0,2;Gasoline;340;II;Allemagne;Hetzer, Grille;800 ;c;
Skoda T-11;120;0,2;Gasoline;320;II;Allemagne;Pz.Kpfw. 35 (t);840 ;c;
Maybach HL 62 TR;140;0,2;Gasoline;550;III;Allemagne;Pz.Kpfw. II, Wespe, Pz.Kpfw. II Luchs, Marder II, Pz.Sfl. IVb;4,220 ;c;
Maybach HL 62 TRM;160;0,2;Gasoline;550;III;Allemagne;Pz.Kpfw. II;5,000 ;c;
Maybach HL 45 P;150;0,2;Gasoline;500;III;Allemagne;Wespe, Pz.Kpfw. I Ausf. C, Pz.Kpfw. II Ausf. G;5,600 ;c;
Praga EPA/2;140;0,2;Gasoline;470;III;Allemagne;Pz.Kpfw. 38 (t);4,220 ;c;
Praga EPA;130;0,2;Gasoline;600;III;Allemagne;Grille;1,250 ;c;
Scania Vabis 1664;165;0,15;Diesel;400;III;Allemagne;Hetzer;4,980 ;c;
Skoda T-15;220;0,2;Gasoline;420;III;Allemagne;Pz.Kpfw. 35 (t);9,110 ;c;
Büssing NAG L8V/GS 36;155;0,2;Gasoline;600;III;Allemagne;Sturmpanzer II;4,220 ;c;
Büssing NAG L8V/GS 39;180;0,2;Gasoline;650;IV;Allemagne;Sturmpanzer II;8,800 ;c;
Maybach HL 45 P;160;0,2;Gasoline;500;IV;Allemagne;Pz.Kpfw. II Ausf. J;;;
Maybach HL 66 P;180;0,2;Gasoline;550;IV;Allemagne;Pz.Kpfw. II Luchs, Pz.Kpfw. I Ausf. C, Pz.Kpfw. II Ausf. G, Pz.Sfl. IVb;8,650 ;c;
2 x Maybach HL 66 P;360;0,2;Gasoline;11;IV;Allemagne;VK 20.01 (D);12,000 ;c;
Maybach HL 108 TR R;250;0,2;Gasoline;850;IV;Allemagne;Hummel, Nashorn, Durchbruchswagen 2;9,250 ;c;
Maybach HL 120 TR R;265;0,2;Gasoline;920;IV;Allemagne;Durchbruchswagen 2;9,270 ;c;
Maybach HL 120 TRM 112 R;272;0,2;Gasoline;920;IV;Allemagne;Hummel, Nashorn;9,500 ;c;
Maybach HL 116;300;0,2;Gasoline;750;IV;Allemagne;VK 30.01 (H), Pz.Sfl. V, Durchbruchswagen 2, VK 20.01 (D);9,300 ;c;
Maybach HL 108 TR;320;0,2;Gasoline;450;IV;Allemagne;Pz.Kpfw. III Ausf. A, Pz.Kpfw. III, Pz.Kpfw. IV, StuG III, JagdPz IV;9,460 ;c;
Maybach HL 120 TR;350;0,2;Gasoline;510;IV;Allemagne;Pz.Kpfw. IV, StuG III, JagdPz IV, Pz.Kpfw. III, Pz.Kpfw. III Ausf. A, VK 16.02 Leopard, Pz.Kpfw. III/IV;10,430 ;c;
Maybach HL 120 TRM;440;0,2;Gasoline;510;IV;Allemagne;Pz.Kpfw. IV, StuG III, JagdPz IV, Pz.Kpfw. III, Pz.Kpfw. III Ausf. A, VK 16.02 Leopard, Pz.Kpfw. III/IV;19,900 ;c;
Maybach HL 120 TRM V12;300;0,2;Gasoline;510;IV;Allemagne;Pz.Kpfw. IV Schmalturm, Pz.Kpfw. IV Hydraulic;;;
Maybach HL 120 TRM 112;272;0,2;Gasoline;510;IV;Allemagne;Dicker Max;;;
Praga C9;450;0,2;Gasoline;510;IV;Allemagne;T-25;;;
Praga EPA AC;150;0,2;Gasoline;600;IV;Allemagne;Grille, Marder 38T;9,000 ;c;
Praga NS;160;0,2;Gasoline;600;IV;Allemagne;Marder 38T;9,100 ;c;
Praga Ausf. IV;180;0,2;Gasoline;600;IV;Allemagne;Marder 38T, Rhm.-Borsig Waffenträger;9,400 ;c;
Praga EPA/3;200;0,2;Gasoline;470;IV;Allemagne;Pz.Kpfw. 38 (t), Pz.Kpfw. 38 (t) n.A.;10,810 ;c;
Praga NR;274;0,2;Gasoline;470;IV;Allemagne;Pz.Kpfw. 38 (t) n.A.;12,300 ;c;
Praga NRi;274;0,2;Gasoline;470;IV;Allemagne;T-15;;;
Somua S-40;220;0,2;Gasoline;400;IV;Allemagne;Pz.Kpfw. S35 739 (f);;;
Tatra Typ 103;220;0,15;Diesel;500;IV;Allemagne;Hetzer;9,120 ;c;
Tatra Typ TD 103 P;207;0,15;Diesel;600;V;Allemagne;Rhm.-Borsig Waffenträger;14,000 ;c;
Maybach HL 90;360;0,2;Gasoline;550;V;Allemagne;Pz.Kpfw. II Luchs, Pz.Sfl. IVc, Waffenträger auf Pz. IV;16,400 ;c;
Maybach HL 120 TRM R;300;0,2;Gasoline;920;V;Allemagne;Hummel, Nashorn;15,000 ;c;
Maybach HL 116 S;310;0,15;Gasoline;750;V;Allemagne;Pz.Sfl. V;15,200 ;c;
Maybach HL 110 P30;325;0,2;Gasoline;425;V;Allemagne;G.W. Panther;17,400 ;c;
Maybach HL 190;375;0,2;Gasoline;1;V;Allemagne;VK 30.01 (H);16,600 ;c;
Maybach HL 100;400;0,2;Gasoline;550;V;Allemagne;Pz.Sfl. IVc, Waffenträger auf Pz. IV;17,700 ;c;
Maybach HL 157 P;585;0,2;Gasoline;580;V;Allemagne;VK 16.02 Leopard, Pz.Kpfw. III/IV, VK 28.01;20,000 ;c;
Daimler-Benz MB 809;400;0,15;Diesel;11;V;Allemagne;VK 20.01 (D);17,500 ;c;
Renault;340;0,2;Gasoline;400;V;Allemagne;Pz.Kpfw. B2 740 (f);;;
Maybach HL 130 P50;350;0,2;Gasoline;600;VI;Allemagne;G.W. Panther;26,500 ;c;
Maybach HL 150;400;0,2;Gasoline;850;VI;Allemagne;VK 36.01 (H), VK 30.01 (H);24,000 ;c;
Maybach HL 174;500;0,2;Gasoline;850;VI;Allemagne;VK 36.01 (H);27,200 ;c;
Daimler-Benz MB 503;580;0,2;Gasoline;900;VI;Allemagne;VK 30.01 (D), VK 30.02 (M);28,500 ;c;
Maybach HL 174;610;0,2;Gasoline;670;VI;Allemagne;Pz.Kpfw. VI Tiger, Pz.Kpfw. V Panther, VK 36.01 (H), Jagdpanther, Panther II, VK 28.01, Jagdpanther II;26,250 ;c;
2x Porsche Typ 100;420;0,2;Gasoline;670;VI;Allemagne;VK 30.01 (P);24,850 ;c;
2x Porsche Typ 100/1;600;0,2;Gasoline;670;VI;Allemagne;VK 30.01 (P), Pz.Kpfw. VI Tiger (P), VK 45.02 (P) Ausf. A, Ferdinand, VK 45.02 (P) Ausf. B;29,900 ;c;
2x Porsche Typ 100/1 Ausf. A;550;0,2;Gasoline;670;VI;Allemagne;Pz.Kpfw. VI Tiger (P);27,500 ;c;
Argus 12LD330H;550;0,2;Gasoline;850;VII;Allemagne;VK 28.01;32,000 ;c;
Maybach HL 210 TRM P30;650;0,2;Gasoline;850;VII;Allemagne;Pz.Kpfw. V Panther, Jagdpanther, VK 30.02 (D), Jagdtiger, Panther II, VK 28.01, Jagdpanther II, VK 30.01 (D), Aufklärungspanzer Panther, VK 30.02 (M);35,500 ;c;
Maybach HL 210 TRM P45;650;0,2;Gasoline;850;VII;Allemagne;Pz.Kpfw. VI Tiger, Tiger II, G.W. Tiger;35,500 ;c;
Maybach HL 210 P30;870;0,2;Gasoline;750;VII;Allemagne;Pz.Kpfw. V/IV Alpha, Pz.Kpfw. V/IV;;;
Maybach HL 230 P30;700;0,2;Gasoline;12;VII;Allemagne;8.8 cm PaK 43 Jagdtiger;;;
2 x Maybach HL 120 TRM;600;0,2;Gasoline;184;VII;Allemagne;G.W. Tiger (P);35,500 ;c;
2x Porsche Typ 100/3;670;0,2;Gasoline;720;VII;Allemagne;VK 30.01 (P), Pz.Kpfw. VI Tiger (P), VK 45.02 (P) Ausf. A, Ferdinand, VK 45.02 (P) Ausf. B;39,850 ;c;
MB 507;720;0,15;Diesel;900;VIII;Allemagne;VK 30.02 (D);54,520 ;c;
Maybach HL 230 P30;700;0,2;Gasoline;14;VIII;Allemagne;Panther/M10;55,000 ;c;
Maybach HL 230 TRM P30;700;0,2;Gasoline;12;VIII;Allemagne;Pz.Kpfw. V Panther, Jagdpanther, VK 30.02 (D), Jagdtiger, Panther II, E-50, Jagdpanther II, VK 30.01 (D), Aufklärungspanzer Panther, VK 30.02 (M);54,000 ;c;
Maybach HL 230 TRM P30;700;0,2;Gasoline;12;VIII;Allemagne;E-25;;;
Maybach HL 230 TRM P45;700;0,2;Gasoline;13;VIII;Allemagne;Pz.Kpfw. VI Tiger, Tiger II, G.W. Tiger, E-75;54,000 ;c;
Maybach HL 234 P30 Ausf. A;800;0,2;Gasoline;750;VIII;Allemagne;Löwe;;;
2 x Porsche Typ 101/1;640;0,2;Gasoline;184;VIII;Allemagne;G.W. Tiger (P);54,000 ;c;
Porsche Deutz Typ 180/2;840;0,15;Diesel;720;VIII;Allemagne;VK 45.02 (P) Ausf. A, Ferdinand, VK 45.02 (P) Ausf. B;45,300 ;c;
MTU MB 837;500;0,15;Diesel;15;VIII;Allemagne;Indien-Panzer;41,000 ;c;
MTU MB 837 A;630;0,12;Diesel;15;IX;Allemagne;Indien-Panzer, Leopard prototyp A;65,800 ;c;
Maybach HL 234 TRM P30;900;0,2;Gasoline;12;IX;Allemagne;E-50, Aufklärungspanzer Panther;88,000 ;c;
Maybach HL 234 TRM P45;900;0,2;Gasoline;13;IX;Allemagne;G.W. E 100;88,000 ;c;
Maybach HL 234 TRM P45;900;0,2;Gasoline;13;IX;Allemagne;E-75;92,000 ;c;
DB 603 A2;1750;0,12;Gasoline;750;X;Allemagne;Maus;132,000 ;c;
Maybach Neues Projekt;1200;0,15;Gasoline;750;X;Allemagne;E-100, JagdPz E-100, Waffenträger auf E 100;135,000 ;c;
Maybach HL 235;1200;0,12;Gasoline;750;X;Allemagne;E-50 Ausf. M;123,000 ;c;
MTU MB 838 CaM 500;830;0,1;Diesel;17;X;Allemagne;Leopard prototyp A;95,000 ;c;
MTU MB 838 CaM 500A;830;0,1;Diesel;17;X;Allemagne;Leopard 1;95,000 ;c;
Renault;39;0,2;Gasoline;266;I;France;Renault FT, Renault FT 75 BS, Renault FT AC;0 ;c;
Renault M26/27;45;0,2;Gasoline;266;I;France;Renault FT, Renault FT 75 BS, Renault FT AC;300 ;c;
Franklin;100;0,2;Gasoline;266;I;France;Renault FT, Renault FT 75 BS;330 ;c;
Renault S4;65;0,2;Gasoline;266;I;France;D1;310 ;c;
Renault S4F;74;0,2;Gasoline;266;I;France;D1;350 ;c;
Delahaye 103TT;75;0,2;Gasoline;266;I;France;Lorraine 39L AM;370 ;c;
Delahaye 135;90;0,2;Gasoline;266;I;France;Lorraine 39L AM;450 ;c;
Hotchkiss 35;75;0,2;Gasoline;266;I;France;Hotchkiss H35;400 ;c;
Renault 85;38;0,15;Diesel;300;I;France;Renault UE 57;1,500 ;c;
Berliet MDP;91;0,15;Diesel;200;I;France;FCM 36 Pak 40;;;
Renault ACL;48;0,2;Gasoline;400;II;France;Renault UE 57;5,000 ;c;
Renault V4;82;0,2;Gasoline;266;II;France;Hotchkiss H35;480 ;c;
Aster;150;0,15;Diesel;540;II;France;AMX 38, AMX 40;750 ;c;
Renault S6;150;0,2;Gasoline;540;II;France;D2;700 ;c;
AMX B 270;200;0,2;Gasoline;340;III;France;amx 12t, AMX 105 AM mle. 47;5,100 ;c;
Aster M;160;0,15;Diesel;600;III;France;AMX 38;4,500 ;c;
Renault S6Bis;180;0,2;Gasoline;540;III;France;D2, B1;3,500 ;c;
Somua LM;190;0,2;Gasoline;540;III;France;AMX 40;4,500 ;c;
Renault 307;307;0,2;Gasoline;540;IV;France;105 leFH18B2;;;
Renault Naeder-FIEUX;307;0,2;Gasoline;540;IV;France;B1;10,000 ;c;
Renault BDR;350;0,2;Gasoline;540;IV;France;B1;11,120 ;c;
Renault T12;350;0,2;Gasoline;540;IV;France;BDR G1B, ARL V39;13,000 ;c;
Somua S-40;220;0,2;Gasoline;400;IV;France;Somua SAu 40, S 35 CA;10,420 ;c;
SOFAM de 150 cv;150;0,2;Gasoline;340;IV;France;ELC AMX;700 ;c;
MATHIS;250;0,2;Gasoline;400;V;France;amx 12t, AMX 105 AM mle. 47;20,000 ;c;
Renault T14;450;0,15;Gasoline;750;V;France;BDR G1B, ARL V39;22,300 ;c;
SOFAM 8 Gxb;250;0,2;Gasoline;400;V;France;AMX 13 105 AM mle. 50, AMX 13 F3 AM, AMX 13 90, AMX 13 75, ELC AMX;16,000 ;c;
Somua S-40 Bis;260;0,2;Gasoline;400;V;France;Somua SAu 40, S 35 CA;16,100 ;c;
Maybach HL 230;575;0,2;Gasoline;700;VI;France;ARL 44, AMX 50 100, AMX M4 mle. 45, AMX AC Mle. 1946, AMX AC Mle. 1948;26,000 ;c;
Baudouin 6F 11 SRY;280;0,15;Diesel;400;VI;France;AMX 13 105 AM mle. 50, AMX 13 F3 AM, AMX 13 90, AMX 13 75;27,000 ;c;
Maybach V-12 ACC;1000;0,2;Gasoline;750;VI;France;FCM 50 t;;;
Maybach HL 210 TRM P30;650;0,2;Gasoline;850;VII;France;Lorraine 155 mle. 50;35,500 ;c;
Detroit Diesel 6V53T;300;0,15;Diesel;770;VII;France;AMX 13 90, AMX 13 75;37,000 ;c;
Detroit Diesel 6V53T-S;350;0,12;Diesel;770;VII;France;AMX 13 90;39,740 ;c;
Maybach HL 230 TRM P30;700;0,2;Gasoline;12;VIII;France;Lorraine 155 mle. 50, Lorraine 155 mle. 51;54,000 ;c;
Maybach HL 230 P45F;750;0,2;Gasoline;750;VIII;France;ARL 44, AMX 50 100, AMX M4 mle. 45, AMX AC Mle. 1946, AMX AC Mle. 1948;55,000 ;c;
Ford GAC;770;0,2;Gasoline;839;VIII;France;Bat.-Châtillon 155 55;59,000 ;c;
Maybach 850 CV;850;0,2;Gasoline;12;IX;France;Lorraine 155 mle. 51;80,000 ;c;
Maybach HL 234 P45;850;0,2;Gasoline;750;IX;France;Lorraine 40 t;98,730 ;c;
Maybach HL 295;850;0,2;Gasoline;750;IX;France;AMX 50 100, AMX 50 120, AMX M4 mle. 45, AMX AC Mle. 1946, AMX 50 Foch, AMX AC Mle. 1948;78,000 ;c;
Saurer;1000;0,2;Gasoline;750;IX;France;AMX 50 120, AMX 50 Foch;99,800 ;c;
Continental AV-1790-7B;810;0,12;Gasoline;1171;X;France;Bat.-Châtillon 155 55;100,000 ;c;
Hispano-Suiza HS 110;720;0,1;Diesel;1426;X;France;Bat.-Châtillon 25 t, Bat.-Châtillon 155 58;94,250 ;c;
Maybach HL 234 P50;980;0,15;Gasoline;750;X;France;Lorraine 40 t;125,000 ;c;
Maybach HL 295 F;1200;0,15;Gasoline;750;X;France;AMX 50B, AMX 50 Foch (155);123,000 ;c;
MS-1;43;0,2;Gasoline;266;I;Russie;MS-1, SU-18;0 ;c;
GAZ-M1;55;0,2;Gasoline;215;I;Russie;MS-1, SU-18;310 ;c;
AMO-3;70;0,2;Gasoline;920;I;Russie;MS-1, SU-18;340 ;c;
GAZ 202;70;0,2;Gasoline;360;I;Russie;T-60;330 ;c;
T-26;90;0,2;Gasoline;545;I;Russie;T-26, SU-5, AT-1, SU-26;770 ;c;
GAZ-11;80;0,2;Gasoline;275;II;Russie;SU-76;810 ;c;
ZiS-16;85;0,2;Gasoline;360;II;Russie;T-60;1,040 ;c;
T-26M;100;0,2;Gasoline;545;II;Russie;T-26, SU-5, AT-1, SU-26;1,230 ;c;
T-26F;130;0,2;Gasoline;545;II;Russie;T-26, SU-5, AT-1, SU-26;1,500 ;c;
AEC3;274;0,15;Gasoline;400;III;Russie;Matilda IV;;;
AES A190;140;0,15;Gasoline;800;III;Russie;Valentine II;;;
GAZ-203;140;0,2;Gasoline;550;III;Russie;SU-76, SU-85B, T-70, SU-122A;3,830 ;c;
GAZ-203F;158;0,2;Gasoline;362;III;Russie;SU-85B;4,120 ;c;
GMC 6004;210;0,15;Diesel;991;III;Russie;SU-85B, T-80;4,500 ;c;
M-80;170;0,2;Gasoline;550;III;Russie;SU-76, SU-85B, T-70, T-80, SU-122A;4,130 ;c;
M-80;170;0,2;Gasoline;550;III;Russie;LTP;;;
V-3;250;0,15;Diesel;540;III;Russie;T-50;4,800 ;c;
Medous MAT;180;0,2;Gasoline;362;III;Russie;Tetrarch;;;
Continental W-670;268;0,2;Gasoline;256;IV;Russie;M3 Light;;;
D-744;250;0,15;Diesel;500;IV;Russie;T-127;;;
M-17FO;500;0,2;Gasoline;610;IV;Russie;BT-SV;;;
M-17L;450;0,2;Gasoline;610;IV;Russie;BT-7, BT-2, T-28, SU-8, KV-1;10,770 ;c;
M-17T;500;0,2;Gasoline;610;IV;Russie;BT-7, T-28, SU-14-2, SU-8, KV-2, KV-1, SU-14-1;13,460 ;c;
M-5-400;400;0,2;Gasoline;410;IV;Russie;BT-2, T-28;10,230 ;c;
M-5-400F;440;0,2;Gasoline;410;IV;Russie;SU-8;10,000 ;c;
MT-5-1;350;0,2;Gasoline;920;IV;Russie;T-46;10,200 ;c;
Maybach HL 120 TRM;440;0,2;Gasoline;510;IV;Russie;SU-85I;;;
V-4;300;0,15;Diesel;500;IV;Russie;T-46, T-50;9,000 ;c;
BD-2;540;0,15;Diesel;750;V;Russie;A-32;;;
Bedford Twin-Six;374;0,15;Gasoline;1531;V;Russie;Churchill III;;;
V-2;480;0,15;Diesel;750;V;Russie;T-34, SU-85, BT-7, A-20;18,750 ;c;
V-2-34;500;0,15;Diesel;750;VI;Russie;T-34, SU-85, A-20, T-34-85, SU-100, SU-100M1, A-43, A-44;27,860 ;c;
V-2K;500;0,15;Diesel;750;VI;Russie;S-51, SU-152, KV-1S, KV-13, KV-2, T-150, KV-1, MT-25;23,050 ;c;
V-2-34M;520;0,15;Diesel;750;VI;Russie;T-34-85, SU-100, T-43, SU-100M1;29,500 ;c;
V-2-10;520;0,15;Diesel;750;VI;Russie;S-51, MT-25;29,000 ;c;
V-2KT;650;0,15;Diesel;700;VI;Russie;KV-220 Beta-Test, KV-220;;;
V-44;500;0,15;Diesel;750;VI;Russie;SU-122-44;;;
V-5;560;0,15;Diesel;700;VI;Russie;KV-3, KV-2, T-150, A-43, A-44;27,860 ;c;
V-2IS;600;0,15;Diesel;750;VII;Russie;IS, SU-152, KV-1S, KV-3, ISU-152, KV-13;36,000 ;c;
V-16;600;0,15;Diesel;750;VII;Russie;S-51, MT-25;36,500 ;c;
V-5F;700;0,15;Diesel;750;VII;Russie;T-150;39,000 ;c;
M-17F;700;0,2;Gasoline;610;VII;Russie;SU-14-2, 212A, SU-14-1;35,000 ;c;
DG;400;0,12;Diesel;11;VIII;Russie;Object 416;45,000 ;c;
V-11;650;0,15;Diesel;750;VIII;Russie;IS-3, Object 704, ST-I;55,270 ;c;
V-2-44;560;0,12;Diesel;750;VIII;Russie;T-43, T-44, SU-101;49,740 ;c;
V-2SN;750;0,15;Diesel;750;VIII;Russie;KV-3;34,000 ;c;
V-54K;600;0,12;Diesel;750;VIII;Russie;T-34-85, T-43, SU-100M1;58,000 ;c;
GAM-34-BT;890;0,2;Gasoline;632;VIII;Russie;SU-100Y;;;
M-50D;1200;0,15;Diesel;700;IX;Russie;KV-5;;;
?-40;1000;0,15;Diesel;125;IX;Russie;KV-4;85,000 ;c;
V-12-5;700;0,15;Diesel;1024;IX;Russie;IS-8;84,000 ;c;
V-12-6;750;0,15;Diesel;1024;IX;Russie;IS-8;84,200 ;c;
V-12 A;700;0,15;Diesel;750;IX;Russie;IS-6;;;
V-12P;700;0,15;Diesel;1024;IX;Russie;ST-I;84,000 ;c;
V-2-54;620;0,12;Diesel;700;IX;Russie;T-44, T-54, SU-101, SU-122-54;79,290 ;c;
V-2-54IS;700;0,12;Diesel;700;IX;Russie;IS, IS-3, ISU-152, Object 704;79,290 ;c;
V-2K forced;850;0,12;Diesel;750;IX;Russie;212A;59,400 ;c;
2x V-2K-F;1200;0,15;Diesel;15;IX;Russie;KV-4;87,500 ;c;
V-54-6;680;0,12;Diesel;700;IX;Russie;T-44, SU-101;82,300 ;c;
V-14;700;0,12;Diesel;700;IX;Russie;T-54, SU-122-54;82,300 ;c;
M-50T;1050;0,15;Diesel;700;X;Russie;IS-7, Object 261, Object 263;132,000 ;c;
V-12;750;0,15;Diesel;1024;X;Russie;IS-4;128,000 ;c;
V-16FN;800;0,12;Diesel;1024;X;Russie;Object 268;84,200 ;c;
V-55;580;0,1;Diesel;700;X;Russie;T-62A;132,000 ;c;
TD-12;580;0,12;Diesel;1;X;Russie;Object 140;132,000 ;c;
Renault M26/27;45;0,2;Gasoline;266;I;Chine;Renault NC-31;0 ;c;
Renault 62CV;62;0,2;Gasoline;266;I;Chine;Renault NC-31;350 ;c;
Renault NC-2;75;0,2;Gasoline;266;I;Chine;Renault NC-31;370 ;c;
Armstrong Siddeley V4;92;0,2;Diesel;545;I;Chine;Vickers Mk. E Type B;770 ;c;
Franklin;100;0,2;Diesel;266;II;Chine;Vickers Mk. E Type B;800 ;c;
Mitsubishi Type 97;170;0,15;Diesel;750;III;Chine;Type 2597 Chi-Ha;5,000 ;c;
Type 100 V-12 W;200;0,15;Diesel;750;IV;Chine;Type 2597 Chi-Ha;8,600 ;c;
Type 100 V-12 A;240;0,15;Diesel;750;IV;Chine;Type 2597 Chi-Ha;10,500 ;c;
Twin Cadillac, Series 42;296;0,2;Diesel;530;IV;Chine;M5A1 Stuart;10,350 ;c;
Continental R-975-C1;400;0,2;Diesel;516;IV;Chine;M5A1 Stuart;10,500 ;c;
V-2;480;0,15;Diesel;750;V;Chine;Type T-34;18,750 ;c;
Type 102;400;0,12;Diesel;700;V;Chine;59-16;10,000 ;c;
12150L-3;430;0,12;Diesel;700;V;Chine;59-16, WZ-131;17,000 ;c;
V-2-34;500;0,15;Diesel;750;VI;Chine;Type T-34, Type 58;27,860 ;c;
Continental AOSI-895-5;500;0,2;Gasoline;862;VI;Chine;Type 64;;;
Type 102S;480;0,12;Diesel;750;VII;Chine;T-34-1;15,000 ;c;
Type 102S1;500;0,12;Diesel;750;VII;Chine;Type 58, T-34-1, T-34-2;38,000 ;c;
12150L-3;430;0,12;Diesel;700;VII;Chine;Type 62;;;
12150L;520;0,12;Diesel;750;VIII;Chine;WZ-131, WZ-132, Type 58, T-34-1, T-34-2, WZ-120, IS-2, 110;48,000 ;c;
8V135;520;0,12;Diesel;740;VIII;Chine;WZ-132;43,000 ;c;
NORINCO 12150L;520;0,12;Diesel;750;VIII;Chine;WZ-111, T-34-3;;;
NORINCO 12150L7;520;0,12;Diesel;750;IX;Chine;Type 59;;;
12150LS;580;0,12;Diesel;750;IX;Chine;112;;;
12150LS;580;0,12;Diesel;750;IX;Chine;T-34-2, WZ-120, IS-2, 110, WZ-111 1-4;99,500 ;c;
12150LT;600;0,12;Diesel;750;X;Chine;WZ-120, WZ-111 1-4;120,000 ;c;
12150L7;580;0,12;Diesel;935;X;Chine;121;25,000 ;c;
V-2-54SC;750;0,12;Diesel;1045;X;Chine;113;25,000 ;c;
Renault L4;60;20;Diesel;266;I;;Renault Otsu;0;c;
Mitsubishi A475VD;75;15;Diesel;650;II;;Renault Otsu;450;c;
Mitsubishi A6120VDe;120;15;Diesel;630;III;;Type 95 Ha-Go, Chi-Ni;2 400;c;
Mitsubishi A6120VDe S;135;15;Diesel;630;III;;Type 95 Ha-Go, Type 98 Ke-Ni, Chi-Ni;3 600;c;
Mitsubishi SA12200VD;170;15;Diesel;650;III;;Type 97 Chi-Ha;5 000;c;
Type 100 Kakyuu V-6;150;15;Diesel;630;III;;Type 5 Ke-Ho;5 750;c;
Type 100 Kuurei V-6;130;15;Diesel;630;III;;Type 98 Ke-Ni;2 750;c;
Type 100 Kuurei V-12;240;15;Diesel;630;IV;;Type 97 Chi-Ha, Type 1 Chi-He, Type 3 Chi-Nu;10 500;c;
Type 100 Suirei V-12;200;15;Diesel;630;IV;;Type 97 Chi-Ha, Type 1 Chi-He;8 600;c;
Type 100 V-12;240;15;Diesel;630;IV;;Type 3 Chi-Nu Kai;;;
Mitsubishi 12HM21WT;604;12;Diesel;2400;IX;;Type 61;82 000;c;
Type 100 Kakyuu V-12;300;15;Diesel;650;V;;Type 3 Chi-Nu, Type 4 Chi-To;15 200;c;
Mitsubishi AL Type 4 Kuurei V-12;400;15;Diesel;1000;VI;;Type 4 Chi-To;25 200;c;
Kawasaki Type 98 V-12;550;20;Essence;510;VII;;Type 5 Chi-Ri;36 500;c;
Mitsubishi AL Type 4 Kakyuu V-12;500;15;Essence;1000;VII;;Type 5 Chi-Ri;33 000;c;
Mitsubishi DL10T;500;15;Diesel;2200;VII;;STA-1;33 000;c;
Mitsubishi 12HM20WT;570;12;Diesel;2400;VIII;;STA-1, Type 61;48 500;c;
Mitsubishi 10ZF21WT;750;12;Diesel;2200;X;;STB-1;132 000;c;
