nom;calibre;nombre_total_obus_ratelier_min;nombre_total_obus_ratelier_max;nombre_total_obus_ratelier_moyenne;ratelier;nombre_obus_ratelier;cadence_tir_min;cadence_tir_max;cadence_tir_moyenne;temps_chargement_total;degat_moyen1;degat_moyen2;degat_moyen3;penetration1;penetration2;penetration3;dispersion_min;dispersion_max;dispersion_moyenne;vitesse_vise_min;vitesse_vise_max;vitesse_vise_moyenne;poids;tier;pays;Compatibility;Prix;Expérience
10,5 cm Bordkanone L7A3;;60;;60;;;6.67;;6.67;;390;390;480;268;330;53;0.3;;0.3;1.9;;1.9;1,282;X;Allemagne;Leopard 1;290;
10,5 cm K 18 L/52;;26;;26;;;6.45;;6.45;;300;300;380;169;227;53;0.36;;0.36;2.3;;2.3;3;VIII;Allemagne;Dicker Max;;
10,5 cm KwK 42 L/28;;28;60;44;;;6.12;7.5;6.81;;350;350;410;64;104;53;0.54;0.55;0.545;1.7;2.3;2;2,1;V;Allemagne;Pz.Kpfw. IV: Pz.Kpfw. VI Tiger: Pz.Kpfw. V Panther: VK 36.01 (H): VK 30.01 (H): VK 30.02 (D): VK 30.01 (P): Panther II: VK 28.01: Pz.Kpfw. VI Tiger (P): Aufklarungspanzer Panther;28;
10,5 cm KwK 45 L/52;;42;56;49;;;5.5;6.74;6.12;;320;320;420;200;244;60;0.37;;0.37;2.3;;2.3;3;VIII;Allemagne;VK 45.02 (P) Ausf. A: Pz.Kpfw. Tiger II: E-75: VK 45.02 (P) Ausf. B;116,49;
10,5 cm KwK 45 L/52 Ausf. B;;48;;48;;;6;;6;;390;390;510;220;270;60;0.32;;0.32;2.3;;2.3;3;IX;Allemagne;E-50;225,6;
10,5 cm KwK 45 L/52 Ausf. K;;48;;48;;;6.25;;6.25;;390;390;510;270;350;60;0.3;;0.3;2.1;;2.1;3;X;Allemagne;E-50 Ausf. M;225,6;
10,5 cm KwK 46 L/68;;36;42;39;;;4.76;6.59;5.675;;320;320;420;225;285;60;0.34;;0.34;2.3;;2.3;3,6;IX;Allemagne;Pz.Kpfw. Tiger II: E-75: VK 45.02 (P) Ausf. B;178,5;
10,5 cm KwK46 L/70;;40;;40;;;5;;5;;320;320;420;234;294;60;0.33;;0.33;2.9;;2.9;3,6;IX;Allemagne;Lowe;;
10,5 cm L7A1;;58;;58;;;4.29;5;4.645;;390;390;480;268;330;53;0.32;0.36;0.34;2.3;2.9;2.6;1,282;X;Allemagne;Leopard prototyp A;290;
10,5 cm le.F.H. 16 L/22;;15;60;37;;;2.22;3.87;3.045;;410;350;;53;104;;0.76;0.84;0.8;5.5;6.5;6;490;III;Allemagne;Wespe: G.Pz. Mk. VI (e): Pz.Sfl. IVb;13,9;
10,5 cm le.F.H. 18 L/28;;38;;38;;;3;3.87;3.435;;410;350;350;53;104;64;0.72;0.76;0.74;5.5;6;5.75;585;IV;Allemagne;Wespe: Pz.Sfl. IVb;34,11;
10,5 cm le.F.H. 18 L/28;;42;;42;;;6.45;;6.45;;410;350;350;53;104;64;0.49;;0.49;5.1;;5.1;2,3;V;France;105 leFH18B2;;
10,5 cm PaK 45 L/52;;40;;40;;;7.32;7.5;7.41;;320;320;420;200;244;60;0.34;;0.34;1.7;;1.7;3;VIII;Allemagne;Jagdpanther: Jagdpanther II: Ferdinand;116,49;
10,5 cm StuH 42 L/28;;20;40;30;;;6.98;8.33;7.655;;350;350;410;64;104;53;0.53;;0.53;1.7;;1.7;2,1;V;Allemagne;Hetzer: StuG III: JagdPz IV;28;
100 mm 44-100JT;;34;45;39;;;6.45;6.59;6.52;;250;250;330;175;235;50;0.42;;0.42;2.9;;2.9;2,257;VII;Chine;IS-2: T-34-1: T-34-2;79;
100 mm 59-100T;;34;45;39;;;6.45;7.89;7.17;;250;250;330;181;241;50;0.39;;0.39;2.7;2.9;2.8;2,257;VIII;Chine;WZ-131: WZ-132: T-34-2: WZ-120;102;
100 mm 60-100T;;34;45;39;;;7.06;8.33;7.695;;250;250;330;189;244;50;0.36;;0.36;2.3;2.5;2.4;2,257;IX;Chine;WZ-132: WZ-120;180;
100 mm 62-100T;;40;50;45;;;6;7.32;6.66;;320;320;420;215;265;50;0.38;;0.38;2.3;2.9;2.6;2,257;IX;Chine;WZ-120: 110: WZ-111 1-4;221;
100 mm AC SA47;;72;;72;;;6;7.5;6.75;;300;300;400;232;263;50;0.34;;0.34;2.3;2.9;2.6;3;VIII;France;AMX AC Mle. 1946: AMX AC Mle. 1948;127,55;
100 mm D10S;;44;;44;;;8.45;;8.45;;230;230;330;175;235;50;0.4;;0.4;2.3;;2.3;2,257;VII;Russie;SU-100;78,18;
100 mm D-10S mod. 1944;;36;44;40;;;8.96;10.53;9.745;;230;230;330;175;235;50;0.35;0.37;0.36;1.7;2;1.85;2,3;VII;Russie;SU-100M1: SU-101;83,7;
100 mm D10T;;36;56;46;;;6.98;7.41;7.195;;230;230;330;175;235;50;0.42;;0.42;2.9;;2.9;2,257;VII;Russie;KV-3: IS: T-44: Object 416: IS-3;78,18;
100 mm D10T mod. 1945;;50;;50;;;7.41;7.69;7.55;;230;230;330;175;235;50;0.39;;0.39;2.9;;2.9;2,3;VII;Russie;T-54;93,7;
100 mm D-10T2C;;50;;50;;;7.69;;7.69;;320;320;420;201;330;50;0.35;;0.35;2.3;;2.3;2,3;IX;Russie;T-54;221;
100 mm D-54;;50;;50;;;7.32;;7.32;;320;320;420;219;330;50;0.39;;0.39;2.9;;2.9;2,557;IX;Russie;T-54;221;
100 mm D-54S;;36;45;40;;;8.45;8.82;8.635;;320;320;420;219;350;50;0.36;;0.36;1.9;2.1;2;2,557;IX;Russie;SU-101: SU-122-54;140;
100 mm LB-1;;50;56;53;;;7.59;8.7;8.145;;230;230;330;175;235;50;0.35;;0.35;2.3;;2.3;2,4;VII;Russie;T-44: T-54;130,75;
100 mm LB-1C;;44;;44;;;9.52;;9.52;;230;230;330;175;235;50;0.33;;0.33;1.7;;1.7;2,4;VII;Russie;SU-100M1;130,75;
100 mm M-63;;35;;35;;;6.9;7.5;7.2;;320;320;420;;201;330;0.37;;0.37;2.3;;2.3;2;IX;Russie;Object 416;210;
100 mm SA47;;30;60;45;;;5.66;7.4;6.53;;300;300;400;232;263;50;0.36;;0.36;2.7;3;2.85;3;VIII;France;AMX 50 100: Lorraine 40 t: AMX 50 120: Bat Chatillon 25 t;127,55;
100 mm Type 59;;34;;34;;;6.9;;6.9;;250;250;330;181;241;50;0.39;;0.39;2.9;;2.9;2,257;VII;Chine;Type 59;;
100 mm U-8TS;;50;;50;;;9.09;;9.09;;320;320;420;264;350;50;0.34;;0.34;2;;2;2,8;X;Russie;T-62A;242,7;
105 mm AC court mle. 1934 S;;30;;30;;;7.06;;7.06;;410;350;;53;104;;0.53;;0.53;2.3;;2.3;1,7;V;France;Somua SAu 40;40,7;
105 mm AC mle. 1930 S;;42;80;61;;;5;6.25;5.625;;300;330;360;165;223;54;0.39;0.41;0.4;2.3;2.9;2.6;2,4;VI;France;S 35 CA: ARL V39;60;
105 mm AT Gun T5E1;;40;63;51;;;6.59;8.11;7.35;;320;320;420;198;245;53;0.38;0.39;0.385;1.7;;1.7;2,4;VIII;USA;T25 AT: T28: T28 Prototype: T95: T30;118;
105 mm AT Howitzer M3;;23;50;36;;;5;7.5;6.25;;410;350;;53;150;;0.55;;0.55;1.7;2.3;2;2,1;V;USA;T82: T40;40,15;
105 mm AT M4;;30;;30;;;7.59;7.69;7.64;;410;350;;53;101;;0.53;;0.53;1.7;;1.7;2,67;V;USA;M10 Wolverine;40,3;
105 mm Canon 13TR;;40;60;50;;;5.61;6.25;5.93;;300;330;360;165;223;54;0.41;;0.41;2.9;3.4;3.15;2,4;VII;France;ARL 44: AMX M4 mle. 45;94,35;
105 mm court mle. 1934 S;;24;34;29;;;2.93;4.65;3.79;;410;350;;53;104;;0.74;0.8;0.77;5;5.5;5.25;450;IV;France;Lorraine 39L AM: AMX 13 105 AM mle. 50;37,7;
105 mm court mle. 1935 B;;24;;24;;;2.93;;2.93;;410;350;;53;104;;0.84;;0.84;5.5;;5.5;355;III;France;Lorraine 39L AM;15,1;
105 mm D.E.F.A. 4767 modifié;;34;;34;;;4;;4;;410;350;;53;104;;0.77;;0.77;5.5;;5.5;490;IV;France;AMX 105 AM mle. 47;28;
105 mm Gun M68;;57;;57;;;6.82;;6.82;;390;390;480;268;330;53;0.36;;0.36;2;;2;2,85;X;USA;M48A1 Patton;325;
105 mm Gun M68;;57;;57;;;6.82;;6.82;;390;390;480;268;330;53;0.35;;0.35;1.8;;1.8;2,85;X;USA;M60;;
105 mm Gun T140E2;;35;;35;;;5.63;;5.63;;390;390;;210;255;;0.4;;0.4;2.9;;2.9;2,177;IX;USA;T54E1;170;
105 mm Gun T5E1;;43;63;53;;;4.38;6.12;5.25;;320;320;420;198;245;53;0.4;0.42;0.41;2.3;;2.3;2,4;VIII;USA;T29: T32: M103;118;
105 mm Gun T5E1E;;60;;60;;;5.05;;5.05;;320;320;420;198;245;53;0.42;;0.42;2.3;;2.3;2,4;VIII;USA;M6A2E1;;
105 mm Gun T5E1M2;;54;57;55;;;6;6.82;6.41;;390;390;480;218;265;53;0.4;0.42;0.41;2;2.3;2.15;2,4;IX;USA;M46 Patton: M48A1 Patton;219;
105 mm Howitzer M2A1;;69;;69;;;3;;3;;410;350;;53;101;;0.82;;0.82;5.5;;5.5;490;IV;USA;M7 Priest;32,2;
105 mm Howitzer M3;;69;126;97;;;3;4;3.5;;410;350;;53;101;;0.82;0.84;0.83;5.5;;5.5;433;III;USA;M7 Priest: M37;12,85;
105 mm Howitzer M4;;126;;126;;;4;;4;;410;350;;53;101;;0.8;;0.8;5;;5;517;V;USA;M37;40,5;
105 mm M4;;36;70;53;;;7.5;;7.5;;410;350;;53;101;;0.55;;0.55;2.3;;2.3;2,6;V;USA;M4 Sherman: M4A3E8 Sherman: M4A3E2 Sherman Jumbo: T20: M26 Pershing: M46 Patton;40,3;
105 mm mle. 57 (D. 1504);;30;;30;;;5.89;;5.89;;390;390;480;259;360;53;0.38;;0.38;2.7;;2.7;3;X;France;Bat.-Châtillon 25 t;325;
105 mm obusier mle. 1950;;34;;34;;;3.75;4.29;4.02;;445;330;;60;223;;0.7;0.74;0.72;5;5.5;5.25;550;V;France;AMX 13 105 AM mle. 50: AMX 105 AM mle. 47;52;
105 mm Royal Ordnance L7A1;;72;;72;;;5;6.45;5.725;;390;480;480;268;210;105;0.32;;0.32;2.1;2.3;2.2;1,282;X;Royaume-Unis;Centurion Mk. 7/1: FV4202;290;
107 mm ZiS-24;;50;;50;;;5.26;5.41;5.335;;320;320;420;227;289;62;0.38;;0.38;3.4;;3.4;2,84;IX;Russie;KV-4;180;
107 mm ZiS-6;;50;61;55;;;5.71;6.67;6.19;;300;300;360;167;219;54;0.45;;0.45;2.9;3.4;3.15;2,4;VII;Russie;T-150: KV-2: KV-3: A-44: KV-4;68,29;
107 mm ZiS-6M;;60;;60;;;7;;7;;300;300;360;167;219;54;0.43;;0.43;2.9;;2.9;2,4;VII;Russie;KV-5;;
12,8 cm KwK 44 L/55;;36;68;52;;;3.82;4.2;4.01;;490;490;630;246;311;65;0.38;;0.38;2.9;;2.9;3,48;X;Allemagne;E-75: VK 45.02 (P) Ausf. B: E-100: Maus;310;
12,8 cm PaK 44 L/55;;30;40;35;;;5;5.5;5.25;;490;490;630;246;311;65;0.35;;0.35;2.3;;2.3;3,48;X;Allemagne;Jagdpanther II: Ferdinand: Jagdtiger;310;
12,8 cm PaK 44/2 L/61;;36;;36;;;5.26;;5.26;;560;560;700;276;352;65;0.33;;0.33;2.3;;2.3;3,58;X;Allemagne;Jagdtiger;339;
12.7 mm DShK;;1000;;1000;;;95.85;;95.85;;8;;;22;;;0.57;;0.57;1.5;;1.5;34;I;Russie;T-60;2;
120 mm AC SA46;;64;;64;;;6.45;;6.45;;400;400;515;257;325;65;0.33;;0.33;2.3;2.9;2.6;3,58;X;France;AMX 50 Foch: AMX AC Mle. 1948;339;
120 mm AT Gun L1A1;;50;;50;;;8.45;;8.45;;400;400;515;269;352;120;0.31;;0.31;1.7;;1.7;2,85;X;Royaume-Unis;Tortoise;320;
120 mm AT Gun T53;;34;42;38;;;5.94;6.9;6.42;;400;400;515;248;297;60;0.38;0.39;0.385;2.1;2.3;2.2;2,79;X;USA;T28: T28 Prototype: T95: T30;250;
120 mm Gun L1A1;;35;;35;;;5.71;6.9;6.305;;400;400;515;269;352;120;0.32;0.33;0.325;1.7;1.9;1.8;2,85;X;Royaume-Unis;Conqueror: FV215b;300;
120 mm Gun M58;;33;42;37;;;5.36;6;5.68;;400;400;515;269;381;60;0.35;0.37;0.36;2;2.3;2.15;3,1;X;USA;M103: T110E5;310;
120 mm Gun T122;;33;;33;;;5.26;;5.26;;400;400;515;242;330;60;0.4;;0.4;2.6;;2.6;2,79;IX;USA;M103;230;
120 mm Gun T179;;36;;36;;;7.74;;7.74;;400;400;515;269;381;60;0.35;;0.35;2.7;;2.7;2,849;X;USA;T57 Heavy Tank;310;
120 mm Gun T53A1;;34;;34;;;4;;4;;400;400;515;248;297;60;0.35;;0.35;3.4;;3.4;2,79;IX;USA;T34;;
120 mm SA 46;;40;56;48;;;5.33;6.4;5.865;;400;400;515;267;351;65;0.35;;0.35;3;;3;3,58;X;France;AMX 50 120: AMX 50B;339;
122 mm 37-122JT;;28;40;34;;;4;4.62;4.31;;390;390;465;175;300;61;0.48;;0.48;3.4;;3.4;2,44;VIII;Chine;IS-2: 110: T-34-2;120;
122 mm 60-122T;;34;40;37;;;5;5.5;5.25;;440;440;530;257;400;68;0.36;0.38;0.37;2.7;3.4;3.05;2,757;X;Chine;WZ-120: 113;300;
122 mm 60-122TG;;40;;40;;;6.25;;6.25;;440;440;530;268;400;68;0.35;;0.35;2.7;;2.7;2,8;X;Chine;121;185,14;
122 mm A-19 mod. 1937;;28;;28;;;6.67;;6.67;;390;390;465;175;217;61;0.43;;0.43;2.9;;2.9;2,6;VII;Russie;SU-152: ISU-152;94;
122 mm BL-9;;28;40;34;;;4.51;4.88;4.695;;390;390;465;225;265;68;0.4;;0.4;2.9;3.4;3.15;2,79;IX;Russie;IS-3: IS-8: ST-I;178,5;
122 mm BL-9S;;32;;32;;;6.9;;6.9;;390;390;465;225;265;68;0.38;;0.38;2.9;;2.9;2,59;IX;Russie;ISU-152;178,5;
122 mm D-25 mod. 1944;;28;32;30;;;7.69;8.11;7.9;;390;390;465;175;217;64;0.41;;0.41;2.9;;2.9;2,59;VIII;Russie;SU-152: ISU-152: SU-101;106,4;
122 mm D-25-44;;26;;26;;;3.13;;3.13;;390;390;465;175;217;61;0.43;;0.43;3.4;;3.4;2,6;VIII;Russie;T-44;106,37;
122 mm D-25S;;35;;35;;;7.5;;7.5;;390;390;465;175;217;64;0.41;;0.41;2.9;;2.9;2,59;VIII;Russie;SU-122-44;;
122 mm D-2-5S;;36;;36;;;4.69;;4.69;;390;390;465;175;217;61;0.43;;0.43;2.9;;2.9;2,6;VII;Russie;SU-100;84,98;
122 mm D-25T;;26;50;38;;;4.88;5.45;5.165;;390;390;465;175;217;61;0.46;;0.46;2.9;3.4;3.15;2,59;VIII;Russie;KV-3: IS: KV-4: IS-3: IS-8: ST-I: IS-4;125,14;
122 mm D-25T;;28;45;36;;;4.8;5.31;5.055;;390;390;465;175;300;61;0.46;;0.46;2.9;3.4;3.15;2,59;VIII;Chine;IS-2: 110: WZ-111 1-4;135;
122 mm D-2-5T;;26;50;38;;;3.75;4.17;3.96;;390;390;465;175;217;61;0.46;;0.46;3.4;;3.4;2,6;VII;Russie;KV-1S: KV-3: IS: KV-4: IS-3;84,98;
122 mm D-25TA;;40;45;42;;;4.17;4.55;4.36;;390;390;465;175;250;61;0.46;;0.46;3.4;;3.4;2,59;VIII;Chine;T-34-3: 112;;
122 mm D-30;;30;;30;;;5.13;;5.13;;390;390;465;175;217;61;0.46;;0.46;3.4;;3.4;2,59;VIII;Russie;IS-6;;
122 mm D-49;;35;;35;;;8.11;;8.11;;390;390;465;175;217;61;0.39;;0.39;2.5;;2.5;2,59;VIII;Russie;SU-122-54;135,14;
122 mm howitzer A-19;;26;;26;;;4;;4;;465;390;;65;217;;0.84;;0.84;6;;6;2,34;VI;Russie;SU-8;60;
122 mm Howitzer M-30;;20;;20;;;3.64;;3.64;;465;390;;65;200;;0.86;;0.86;7;;7;725;V;Russie;SU-122A;45;
122 mm Howitzer mod. 1910/1930;;28;;28;;;3.87;;3.87;;300;420;270;61;61;140;0.84;;0.84;6.5;;6.5;425;IV;Russie;SU-5;35;
122 mm M-30S;;32;;32;;;5.26;;5.26;;450;370;;61;160;;0.55;;0.55;2.3;;2.3;1,6;V;Russie;SU-85;42,5;
122 mm M62-C2;;35;;35;;;6;;6;;440;440;530;268;400;68;0.36;;0.36;2.5;;2.5;3,397;X;Russie;SU-122-54;295,5;
122 mm M62-T2;;30;40;35;;;4.51;5;4.755;;440;440;530;268;400;68;0.38;;0.38;2.9;3.4;3.15;3,397;X;Russie;IS-8: ST-I: IS-4;335;
122 mm U-11;;36;80;58;;;5.08;5.45;5.265;;450;370;;61;140;;0.57;;0.57;2.9;;2.9;1,6;V;Russie;KV-1: T-150: KV-1S: T-34-85: KV-2: T-43: KV-13;45,92;
13,2 mm Hotchkiss mle. 1930;;720;;720;;;136.36;;136.36;;8;8;;23;36;;0.58;;0.58;2;;2;38;I;Chine;Renault NC-31;1,6;
13.2 mm Hotchkiss mle. 1930;;420;720;570;;;73.97;186.21;130.09;;8;8;;23;36;;0.58;;0.58;2;;2;70;I;France;Renault FT: D1;1,5;
130 mm 59-130T;;40;;40;;;4.29;;4.29;;490;490;640;244;340;65;0.4;;0.4;2.9;;2.9;3,09;X;Chine;WZ-111 1-4;330;
130 mm B-13-S2;;26;;26;;;3.75;;3.75;;440;510;580;196;171;65;0.38;;0.38;2.9;;2.9;5,29;VIII;Russie;SU-100Y;;
130 mm S-70;;30;;30;;;4.38;;4.38;;490;490;640;260;303;68;0.4;;0.4;3.4;;3.4;2,98;X;Russie;IS-7;297;
130 mm S-70A;;42;;42;;;5.45;;5.45;;550;550;750;290;330;75;0.32;;0.32;2.5;;2.5;2,98;X;Russie;Object 263;295;
15 cm KwK 44 L/38;;28;;28;;;3;;3;;750;750;950;235;334;85;0.4;;0.4;2.9;;2.9;3,65;X;Allemagne;E-100;340;
15 cm s.F.H. 13 L/17;;18;22;20;;;2.55;2.61;2.58;;680;680;;75;185;;0.78;;0.78;6;;6;1,2;V;Allemagne;Grille: Hummel;44,92;
15 cm s.F.H. 18 L/30;;18;30;24;;;1.92;2.11;2.015;;950;750;;85;185;;0.74;0.76;0.75;7;;7;1,88;VI;Allemagne;Hummel: G.W. Panther;61,73;
15 cm s.F.H. 43;;30;;30;;;1.74;;1.74;;1200;900;1200;88;240;88;0.7;;0.7;7;;7;2;VII;Allemagne;G.W. Panther;102,3;
15 cm s.I.G. 33 L/11;;20;30;25;;;2.63;3.75;3.19;;350;450;300;75;75;185;0.84;0.86;0.85;6.5;;6.5;760;III;Allemagne;Sturmpanzer I Bison: Sturmpanzer II: Grille;8,88;
15 mm Machine Gun BESA;;360;400;380;;;76.09;102.38;89.235;;9;;;25;;;0.53;0.56;0.545;1.7;2;1.85;70;I;Royaume-Unis;Vickers Medium Mk. I: Cruiser Mk. III;1,9;
152 mm BL-10;;20;30;25;;;3.41;3.51;3.46;;750;750;950;286;329;90;0.39;0.41;0.4;2.9;3.4;3.15;6,5;X;Russie;ISU-152: Object 704;320;
152 mm BR-2;;16;47;31;;;2.15;2.78;2.465;;950;750;950;88;246;90;0.72;0.76;0.74;6.5;7;6.75;5,72;VII;Russie;S-51: SU-14-2: 212A: SU-14-1;92,2;
152 mm Howitzer D-1;;15;;15;;;1.9;;1.9;;910;700;;88;250;;0.86;;0.86;7;;7;1,559;VI;Russie;SU-122A;61;
152 mm howitzer ML-20 mod.31;;26;;26;;;2.18;2.31;2.245;;910;700;;88;250;;0.8;0.84;0.82;7;;7;2,363;VI;Russie;SU-8: SU-14-1;64,83;
152 mm M-10;;36;;36;;;2.5;;2.5;;700;700;910;110;206;86;0.6;;0.6;4;;4;2,3;VI;Russie;KV-2;60;
152 mm M64;;35;;35;;;3.53;;3.53;;850;850;1100;303;450;90;0.33;;0.33;2.7;;2.7;6,5;X;Russie;Object 268;300;
152 mm ML-20 mod. 1931/37;;26;;26;;;3.39;;3.39;;700;700;910;135;250;86;0.5;;0.5;3.4;;3.4;2,5;VI;Russie;SU-152;49,29;
152 mm ML-20S;;26;;26;;;3.51;;3.51;;700;700;910;135;250;86;0.48;;0.48;3.4;;3.4;2,5;VI;Russie;ISU-152;53,88;
152 mm ML-20SM mod. 1944;;34;;34;;;3.51;;3.51;;700;700;910;135;250;86;0.46;;0.46;2.7;;2.7;2,5;VII;Russie;Object 704;78,2;
152 mm mortar NM mod. 1931.;;14;;14;;;3.53;;3.53;;360;;;75;;;0.88;;0.88;6.5;;6.5;425;V;Russie;SU-5;48,36;
155 mm AC SA58;;30;;30;;;3;;3;;850;850;1100;293;408;90;0.36;;0.36;3;;3;5;X;France;AMX 50 Foch (155);375;
155 mm AT Gun T7;;30;34;32;;;2.86;3.28;3.07;;750;750;950;276;320;90;0.38;0.39;0.385;2.5;2.9;2.7;3,371;X;USA;T95: T30;335;
155 mm AT Gun T7E2;;27;;27;;;2.86;3.28;3.07;;850;850;1100;295;375;90;0.36;0.37;0.365;2.5;2.9;2.7;3,371;X;USA;T110E4: T110E3;335;
155 mm Gun M1918M1;;20;;20;;;2.11;;2.11;;950;950;;85;90;;0.76;;0.76;7;;7;3,953;VI;USA;M12;61,2;
155 mm Gun M1A1;;20;30;25;;;1.6;1.82;1.71;;1250;1250;;88;90;;0.72;;0.72;6.5;7.5;7;4,352;VII;USA;M40/M43: M12;96,5;
155 mm Gun M46;;40;;40;;;1.97;;1.97;;1250;1250;;88;90;;0.68;;0.68;6;;6;3,264;VIII;USA;M53/M55;125;
155 mm Howitzer M1;;22;36;29;;;2.4;2.67;2.535;;700;700;;78;240;;0.82;;0.82;6.5;7;6.75;1,735;V;USA;M41: M44;45;
155 mm Howitzer M45;;36;;36;;;2.73;;2.73;;700;700;;78;240;;0.8;;0.8;6;;6;1,347;VI;USA;M44;68;
17 cm Kanone 72;;21;;21;;;1.69;1.82;1.755;;1400;1400;;88;95;;0.72;0.74;0.73;7;;7;6,75;VII;Allemagne;G.W. Tiger: G.W. Tiger (P);140;
17 cm PaK46;;24;;24;;;2.33;;2.33;;1050;1050;1400;299;420;85;0.35;;0.35;2.7;;2.7;7,68;X;Allemagne;JagdPz E-100;365;
17-pdr AT Gun Mk. II;;86;;86;;;11.11;;11.11;;150;150;190;171;239;38;0.36;;0.36;2.3;;2.3;1,64;VI;France;S 35 CA;45;
180 mm B-1-P;;18;;18;;;1.71;;1.71;;1700;1100;1700;102;360;102;0.66;;0.66;6.5;;6.5;17,225;IX;Russie;Object 261;230;
183 mm L4;;12;;12;;;2;;2;;1150;1750;1750;310;275;92;0.4;;0.4;3.4;;3.4;5,4;X;Royaume-Unis;FV215b (183);335;
2 cm Breda;;420;;420;;;97.96;117.07;107.515;;11;11;;30;47;;0.53;;0.53;1.8;;1.8;70;I;Allemagne;Leichttraktor: Pz.Kpfw. I;1,97;
2 cm Flak 38 L/112;;260;600;430;;;109.09;178.22;143.655;;11;11;;39;51;;0.45;;0.45;1.3;1.6;1.45;110;II;Allemagne;Pz.Kpfw. 35 (t): Pz.Kpfw. II: Pz.Kpfw. 38 (t): Pz.Kpfw. III: Pz.Kpfw. III Ausf. A: VK 16.02 Leopard: Pz.Kpfw. II Luchs: Pz.Kpfw. 38 (t) n.A.: Pz.Kpfw. I Ausf. C: Pz.Kpfw. II Ausf. G;3,16;
2 cm KwK 30 L/55;;240;320;280;;;96.33;120.69;108.51;;11;11;;23;46;;0.59;;0.59;1.7;;1.7;70;I;Allemagne;Pz.Kpfw. 35 (t): Pz.Kpfw. II: Pz.Kpfw. I;2,13;
2 cm KwK 38 L/55;;240;420;330;;;109.09;130.43;119.76;;11;11;;23;46;;0.57;;0.57;1.4;1.7;1.55;70;I;Allemagne;Leichttraktor: Pz.Kpfw. II: Pz.Kpfw. III Ausf. A: Pz.Kpfw. II Luchs: Pz.Kpfw. I Ausf. C: Pz.Kpfw. I: Pz.Kpfw. II Ausf. G;1,92;
2 cm KwK 38 L/55J;;400;;400;;;138.46;;138.46;;11;11;;23;46;;0.57;;0.57;1.4;;1.4;70;I;Allemagne;Pz.Kpfw. II Ausf. J;;
20 mm Hispano Suiza Birgikt Gun M1;;1200;;1200;;;99.34;;99.34;;12;12;;30;41;;0.5;;0.5;1.7;;1.7;68;II;USA;T2 Light Tank;;
20 mm Hispano-Suiza Birgikt Gun;;360;1200;780;;;73.17;108.43;90.8;;12;12;;30;41;;0.5;;0.5;1.5;1.9;1.7;68;II;USA;M3 Stuart: T1 Cunningham: M2 Light Tank: M5 Stuart: T2 Medium Tank;2,6;
20 mm TNSh;;320;630;475;;;90.23;114.29;102.26;;10;10;;28;39;;0.53;;0.53;1.7;1.9;1.8;68;I;Russie;MS-1: BT-2: T-60;2,38;
203 mm B-4;;déc;40;40;;;1.06;1.38;1.22;;1850;1450;1850;102;260;102;0.84;0.9;0.87;7.5;8;7.75;5,2;IX;Russie;S-51: SU-14-2: 212A: SU-14-1;235;
21 cm Morser 18/1;;15;;15;;;1.16;1.25;1.205;;2000;1550;2000;105;303;105;0.86;0.9;0.88;7.5;;7.5;5,9;IX;Allemagne;G.W. Tiger: G.W. Tiger (P);245;
21 cm Morser 18/2;;30;;30;;;1.41;;1.41;;2000;1550;2000;105;303;105;0.84;;0.84;7;;7;5,9;X;Allemagne;G.W. E 100;340;
23 mm PT-23TB;;630;;630;;;61.54;;61.54;;12;12;;28;39;;0.55;;0.55;1.7;;1.7;70;I;Russie;T-60;2,38;
23 mm VJa;;225;480;352;;;81.82;114.29;98.055;;12;12;;30;42;;0.54;;0.54;1.6;1.9;1.75;71;II;Russie;MS-1: BT-2: T-26: BT-7;2,75;
240 mm Howitzer M1;;16;;16;;;1.13;;1.13;;2250;1800;2250;120;370;120;0.92;;0.92;8;;8;11,38;X;USA;T92;350;
25 mm AC SA-L mle. 1934;;400;;400;;;35.29;;35.29;;20;20;;50;75;;0.43;;0.43;1.5;;1.5;70;I;France;Renault FT AC;3;
25 mm AC SA-L mle. 1937;;400;;400;;;35.29;;35.29;;20;20;;50;75;;0.41;;0.41;1.5;;1.5;70;II;France;Renault FT AC;3;
25 mm automatique mle. 1936;;400;;400;;;62.59;;62.59;;20;20;;50;75;;0.43;;0.43;1.7;;1.7;70;II;France;Renault FT AC;6,5;
25 mm Canon Raccourci mle. 1934;;160;360;260;;;28.57;35.29;31.93;;27;27;;46;68;;0.45;;0.45;1.5;1.7;1.6;71;II;France;Renault FT: D2: Hotchkiss H35: D1: AMX 38;2,32;
3 cm M.K. 103;;180;360;270;;;23.2;39.5;31.35;;30;30;40;95;110;15;0.46;0.5;0.48;1.7;2.3;2;141;V;Allemagne;VK 16.02 Leopard: Pz.Kpfw. II Luchs: Pz.Kpfw. II Ausf. G;2,5;
3,7 cm KwK 34 (t) L/40;;72;;72;;;26.09;;26.09;;40;40;45;40;69;18;0.48;;0.48;1.7;;1.7;70;I;Allemagne;Pz.Kpfw. 35 (t);2;
3,7 cm KwK 36 L/46.5;;64;156;110;;;26.09;;26.09;;36;36;42;40;74;18;0.46;;0.46;1.7;;1.7;100;I;Allemagne;Leichttraktor: Pz.Kpfw. III: Pz.Kpfw. III Ausf. A: Pz.Kpfw. II Luchs;0;
3,7 cm KwK 38 (t) L/47;;72;90;81;;;26.09;;26.09;;40;40;45;42;74;18;0.41;;0.41;1.7;;1.7;100;II;Allemagne;Pz.Kpfw. 35 (t): Pz.Kpfw. 38 (t): Pz.Kpfw. 38 (t) n.A.;2,73;
3,7 cm KwK 38 (t) L/47;;78;;78;;;26.25;;26.25;;40;40;45;42;74;18;0.41;;0.41;1.7;;1.7;100;II;Allemagne;T-15;;
3,7 cm PaK 38 (t) L/47;;96;;96;;;28.57;;28.57;;40;40;45;42;74;18;0.39;;0.39;1.5;;1.5;100;II;Allemagne;Panzerjager I;2,73;
3,7 cm SA 38 L/34;;100;;100;;;26.25;;26.25;;40;40;45;41;64;18;0.4;;0.4;1.7;;1.7;70;I;Allemagne;Pz.Kpfw. 38H 735 (f);;
3.7-inch AT Howitzer;;42;48;45;;;7.5;;7.5;;370;280;;47;110;;0.49;;0.49;2.5;;2.5;393;V;Royaume-Unis;Valentine AT: Alecto: AT 2;35;
3.7-inch Howitzer;;30;50;40;;;5;8.57;6.785;;370;280;;47;110;;0.51;0.58;0.545;2.3;3.4;2.85;393;V;Royaume-Unis;Cruiser Mk. II: Cromwell: Churchill VII: Comet;35;
37 mm APX SA18;;100;237;168;;;24;26.09;25.045;;30;30;36;29;46;18;0.54;;0.54;2;2.5;2.25;100;I;France;Renault FT: Hotchkiss H35: D1;0;
37 mm AT Gun M3;;110;;110;;;28.57;;28.57;;40;40;50;56;78;19;0.4;;0.4;1.5;;1.5;82;II;USA;T18;8,35;
37 mm automatic SH-37;;120;180;150;;;6.37;129.81;68.09;;40;40;50;46;62;19;0.45;;0.45;2.3;;2.3;200;V;Russie;A-20: T-46: T-50: T-80: MT-25;26,98;
37 mm B-3;;67;160;113;;;24;26.09;25.045;;36;36;40;40;64;19;0.46;;0.46;2.3;2.5;2.4;77;I;Russie;MS-1: BT-2: T-26;1,95;
37 mm Browning Semiautomatic Gun;;100;110;105;;;30;38.96;34.48;;30;30;36;39;63;19;0.47;;0.47;1.7;2.5;2.1;65;II;USA;T1 Cunningham: T2 Medium Tank;2,2;
37 mm Gun APX SA18;;237;;237;;;24;;24;;30;30;36;29;46;18;0.54;;0.54;2;2.3;2.15;110;I;Chine;Renault NC-31;0;
37 mm Gun KwK 36 L/46.5;;100;160;130;;;26.09;28.57;27.33;;36;36;42;40;74;18;0.46;;0.46;1.7;2;1.85;100;I;Chine;Renault NC-31: Vickers Mk. E Type B;1,9;
37 mm Gun M1916;;104;;104;;;24;;24;;30;30;36;28;45;19;0.54;;0.54;2.5;;2.5;104;I;USA;T1 Cunningham;0;
37 mm Gun M5;;103;120;111;;;24;26.09;25.045;;40;40;50;48;70;19;0.46;;0.46;1.7;2.1;1.9;78;II;USA;M2 Light Tank: T2 Medium Tank: M2 Medium Tank: M3 Stuart;2;
37 mm Gun M6;;50;;50;;;26.2;;26.2;;40;40;50;56;78;19;0.41;;0.41;1.7;;1.7;82;III;USA;M22 Locust;;
37 mm Gun M6;;103;210;156;;;26.09;;26.09;;40;40;50;56;78;19;0.41;0.42;0.415;1.7;;1.7;82;III;USA;M2 Medium Tank: M3 Stuart: M5 Stuart: M7;8,35;
37 mm Hotchkiss;;92;104;98;;;24;26.09;25.045;;30;30;36;34;44;19;0.54;;0.54;2.3;2.5;2.4;104;I;Russie;MS-1: BT-2;0;
37 mm M-5;;103;;103;;;24;;24;;40;40;50;48;70;19;0.46;;0.46;1.9;;1.9;78;II;Russie;M3 Light;;
37 mm M6;;123;147;135;;;26.09;;26.09;;40;40;50;56;78;19;0.42;;0.42;1.7;;1.7;84;III;Chine;M5A1 Stuart;8,35;
37 mm SA38;;100;162;131;;;19.35;25;22.175;;40;40;45;34;67;24;0.48;;0.48;2;;2;70;II;France;Hotchkiss H35: AMX 38;1,89;
37 mm Semiautomatic Gun M1924;;100;110;105;;;30;38.96;34.48;;30;30;36;33;53;19;0.51;;0.51;1.7;2.5;2.1;65;I;USA;T1 Cunningham: T2 Medium Tank;1,9;
37 mm Semiautomatic Gun M1924A1;;80;;80;;;40;;40;;30;30;36;33;53;19;0.51;;0.51;1.9;;1.9;65;I;USA;T1E6;;
37 mm ZiS-19;;80;150;115;;;22.2;28.6;25.4;;40;40;50;58;92;19;0.39;;0.39;1.9;2.3;2.1;200;III;Russie;BT-7: BT-2: A-20: T-46: T-26: T-70: T-60;4,25;
37 mm ZiS-19S;;78;;78;;;28.57;;28.57;;40;40;50;58;92;19;0.35;;0.35;1.7;;1.7;200;III;Russie;AT-1;2,75;
3-inch 20 cwt AT Gun Mk. III;;85;;85;;;15;;15;;140;140;190;112;140;38;0.36;;0.36;1.7;;1.7;1,021;VI;Royaume-Unis;Churchill Gun Carrier;62;
3-inch AT Gun M7;;45;54;49;;;14.29;15.79;15.04;;110;110;175;101;157;38;0.41;0.43;0.42;1.7;;1.7;1,45;V;USA;M8A1: T49: M10 Wolverine: M18 Hellcat;33,5;
3-inch Gun M7;;75;;75;;;13.95;;13.95;;110;110;175;101;157;38;0.46;;0.46;2.3;;2.3;1,45;V;USA;T1 Heavy Tank: M6;33,5;
3-inch Gun T9;;40;;40;;;6.8;;6.8;;170;130;;42;100;;0.8;;0.8;5.5;;5.5;903;II;USA;T57;2,78;
4,7 cm PaK 38 (t) L/43;;56;86;71;;;24;26.09;25.045;;60;60;75;62;115;24;0.37;;0.37;1.3;2;1.65;100;II;Allemagne;Panzerjager I: Pz.Kpfw. 38 (t): Pz.Kpfw. 38 (t) n.A.;3,46;
4,7 cm SA 35 L/34;;112;;112;;;27.63;;27.63;;52;52;62;55;90;24;0.39;;0.39;1.1;;1.1;100;II;Allemagne;Pz.Kpfw. S35 739 (f): Pz.Kpfw. B2 740 (f);;
40 mm Pom Pom;;120;200;160;;;24.3;36.92;30.61;;45;45;60;49;71;23;0.41;0.48;0.445;1.7;2.3;2;160;IV;Royaume-Unis;Cruiser Mk. I: Cruiser Mk. III: Cruiser Mk. II: Cruiser Mk. IV: Covenanter;20;
40 mm Pom Pom;;160;;160;;;24.3;;24.3;;45;45;60;49;71;23;0.48;;0.48;2.3;;2.3;160;IV;Chine;Vickers Mk. E Type B;20;
44-caliber Automatic Cannon;;700;;700;;;36.75;;36.75;;40;40;50;45;61;19;0.48;;0.48;1.7;;1.7;358;V;USA;MTLS-1G14;;
45 mm 20K;;80;150;115;;;26.09;;26.09;;47;47;62;51;88;23;0.46;;0.46;1.9;2.3;2.1;250;II;Russie;BT-7: BT-2: A-20: T-46: T-26: T-50: T-70: T-80: MT-25;2,53;
45 mm 20K;;120;136;128;;;26.09;;26.09;;47;47;62;51;88;23;0.46;;0.46;1.7;2.3;2;313;II;Chine;Vickers Mk. E Type B: Type 2597 Chi-Ha;2,53;
45 mm 20KL;;61;150;105;;;26.25;;26.25;;47;47;62;51;84;23;0.41;0.43;0.42;1.7;2.1;1.9;250;II;Russie;T-127: BT-SV: Valentine II: LTP;;
45 mm 20KS;;80;;80;;;28.57;;28.57;;47;47;62;51;84;23;0.43;;0.43;1.7;;1.7;250;II;Russie;AT-1;2,71;
45 mm mod. 1932;;54;;54;;;20.69;;20.69;;47;47;62;51;88;23;0.46;;0.46;2.5;;2.5;240;II;Russie;MS-1;2;
45 mm VT-42;;77;140;108;;;26.09;;26.09;;49;49;63;75;95;23;0.37;;0.37;1.9;2.3;2.1;322;IV;Russie;A-20: T-46: T-50: T-70: T-80;20,54;
45 mm VT-43;;100;;100;;;28.57;;28.57;;55;55;65;75;110;23;0.34;;0.34;1.7;2;1.85;312;IV;Russie;T-50: T-80: MT-25;22,75;
47 mm SA34;;112;156;134;;;18.75;27.27;23.01;;50;50;62;25;46;24;0.52;0.53;0.525;1.5;2.3;1.9;90;II;France;D1: AMX 38: D2: AMX 40: B1;2,4;
47 mm SA35;;112;156;134;;;18.75;27.27;23.01;;55;55;70;45;79;24;0.46;0.47;0.465;1.5;2.5;2;100;III;France;AMX 38: D2: AMX 40: B1;3,25;
47 mm SA37;;112;120;116;;;23.08;26.09;24.585;;55;55;70;66;98;24;0.39;;0.39;1.7;2.3;2;100;III;France;D2: B1;4,75;
47 mm SA-L Mle.37;;110;150;130;;;26.09;27.27;26.68;;55;55;70;66;98;24;0.35;0.37;0.36;1.7;2;1.85;100;III;France;Renault FT AC: Renault UE 57;8,4;
47 mm Type 1;;61;104;82;;;20;24;22;;70;70;90;81;131;25;0.42;0.44;0.43;2.3;;2.3;350;IV;Chine;Type 2597 Chi-Ha: M5A1 Stuart;21;
47 mm Vickers QF;;50;96;73;;;16.67;18.18;17.425;;50;50;65;45;70;23;0.48;;0.48;2.3;2.9;2.6;100;II;Chine;Vickers Mk. E Type B;1,9;
5 cm KwK 38 L/42;;50;93;71;;;24;;24;;70;70;90;60;96;25;0.48;;0.48;2.3;;2.3;700;III;Allemagne;Pz.Kpfw. III: Pz.Kpfw. III Ausf. A: Pz.Kpfw. II Luchs: VK 20.01 (D);8,57;
5 cm KwK 39 L/60;;60;120;90;;;24;28.57;26.285;;70;70;90;67;130;25;0.39;0.4;0.395;1.7;2.3;2;700;III;Allemagne;Pz.Kpfw. IV: VK 30.01 (H): Pz.Kpfw. III: VK 16.02 Leopard: Pz.Kpfw. II Luchs: Pz.Kpfw. 38 (t) n.A.: VK 28.01: Durchbruchswagen 2: VK 20.01 (D): Aufklarungspanzer Panther;9,97;
57 mm 55-57FG;;70;100;85;;;20;26.09;23.045;;85;85;95;112;189;29;0.34;;0.34;2.3;;2.3;448;V;Chine;Type T-34: 59-16;48;
57 mm Gun M1;;66;126;96;;;21.43;26.09;23.76;;75;75;95;110;180;29;0.39;;0.39;1.7;2;1.85;400;V;USA;T82: T40: M8A1: T49;33;
57 mm project 413;;166;184;175;;;26.09;;26.09;;85;85;95;112;189;29;0.34;;0.34;2.3;;2.3;740;V;Russie;KV-1: T-150;38;
57 mm ZiS-2;;72;;72;;;18.75;26.09;22.42;;85;85;95;112;189;29;0.34;;0.34;1.7;2.3;2;850;VI;Russie;SU-76: SU-85B;62,21;
57 mm ZiS-4;;76;78;77;;;17.6;26.1;21.85;;85;85;95;112;189;29;0.34;;0.34;2.3;;2.3;740;V;Russie;T-34: T-28: MT-25: A-43: A-44;41,48;
57 mm ZiS-8;;76;78;77;;;20.69;;20.69;;75;75;95;75;112;29;0.45;0.46;0.455;2.3;;2.3;400;IV;Russie;T-28;22,91;
57 mm ZiS-8S;;60;80;70;;;19.35;23.08;21.215;;75;75;95;75;112;29;0.41;0.43;0.42;1.7;2.3;2;400;IV;Russie;AT-1: SU-76;22,91;
57mm Type 97;;120;;120;;;20;;20;;75;75;95;30;55;28;0.46;;0.46;2.3;;2.3;150;II;Chine;Type 2597 Chi-Ha;3;
6-pdr AT Gun Mk. IV;;70;;70;;;21.43;;21.43;;75;75;;110;180;;0.39;;0.39;2;;2;450;IV;France;Renault UE 57;25;
7,5 cm A18 KwK;;60;;60;;;14;;14;;110;110;175;116;167;38;0.41;;0.41;2.5;;2.5;1,52;V;Allemagne;T-25;;
7,5 cm KwK 37 L/24;;70;80;75;;;14;17.6;15.8;;110;110;175;43;87;38;0.55;;0.55;1.7;2.3;2;780;IV;Allemagne;Pz.Kpfw. IV: VK 30.01 (H): Pz.Kpfw. III: VK 28.01: Durchbruchswagen 2: VK 20.01 (D);10,45;
7,5 cm KwK 40 L/43;;78;92;85;;;13.95;16.22;15.085;;110;110;175;103;139;38;0.41;;0.41;1.7;2.3;2;1,437;IV;Allemagne;Pz.Kpfw. IV: VK 30.01 (H): Pz.Kpfw. III/IV: VK 28.01;25;
7,5 cm KwK 40 L/48;;87;92;89;;;13.95;14;13.975;;110;110;175;110;158;38;0.39;;0.39;1.7;2.3;2;1,52;V;Allemagne;Pz.Kpfw. IV Hydraulic: Pz.Kpfw. V/IV Alpha: Pz.Kpfw. V/IV;;
7,5 cm KwK 40 L/48;;54;92;73;;;13.95;16.22;15.085;;110;110;175;110;158;38;0.39;;0.39;1.7;2.3;2;1,52;V;Allemagne;Pz.Kpfw. IV: VK 30.01 (H): VK 30.02 (D): Pz.Kpfw. III/IV: VK 30.01 (P): VK 28.01: VK 30.01 (D): Aufklarungspanzer Panther: VK 30.02 (M);27,38;
7,5 cm KwK 42 L/70;;36;110;73;;;10.53;13.33;11.93;;135;135;175;150;194;38;0.35;;0.35;2.3;;2.3;1,74;VI;Allemagne;Pz.Kpfw. VI Tiger: Pz.Kpfw. V Panther: VK 36.01 (H): VK 30.01 (H): VK 30.02 (D): VK 30.01 (P): Panther II: E-50: Pz.Kpfw. VI Tiger (P): VK 30.01 (D): VK 30.02 (M);53;
7,5 cm KwK 42 L/70;;82;;82;;;13.33;;13.33;;135;135;175;150;194;38;0.35;;0.35;2.3;;2.3;955;VI;Allemagne;Panther/M10;;
7,5 cm KwK 44/1 L/70;;60;;60;;;13.04;;13.04;;135;135;175;150;194;38;0.35;;0.35;2.3;;2.3;955;VI;Allemagne;Pz.Kpfw. IV Schmalturm;;
7,5 cm KwK 45 L/100;;80;90;85;;;12.5;13.33;12.915;;135;135;175;198;244;38;0.3;0.32;0.31;2.3;;2.3;2,1;VIII;Allemagne;Pz.Kpfw. V Panther: Panther II: E-50;128,57;
7,5 cm PaK 39 L/48;;40;79;59;;;15.38;17.14;16.26;;110;110;175;110;158;38;0.37;;0.37;1.7;;1.7;1,52;V;Allemagne;Hetzer: StuG III: JagdPz IV;27,38;
7,5 cm PaK 40/2 L/46;;37;;37;;;12.5;17.65;15.075;;110;110;175;108;154;38;0.38;0.4;0.39;1.7;2.5;2.1;470;V;Allemagne;Marder II: Marder 38T;30,75;
7,5 cm StuK 40 L/43;;40;44;42;;;15.38;;15.38;;110;110;175;103;139;38;0.39;;0.39;1.7;;1.7;1,437;IV;Allemagne;Hetzer: StuG III;25;
7,5 cm StuK 42 L/70;;36;68;52;;;13.33;15.79;14.56;;135;135;175;150;194;38;0.33;;0.33;1.7;;1.7;1,74;VI;Allemagne;StuG III: JagdPz IV: Jagdpanther;53;
7,5 cm StuK 42 L/70;;60;;60;;;20;;20;;135;135;175;150;194;38;0.3;;0.3;1.5;;1.5;955;VI;Allemagne;E-25;;
7,5***5,5 cm Waffe 0725;;68;;68;;;12;15;13.5;;135;135;;157;221;;0.34;;0.34;2.3;;2.3;720;VII;Allemagne;VK 36.01 (H): VK 30.01 (H): Aufklarungspanzer Panther;18,3;
7,6 cm PaK 36 (r);;36;;36;;;12;16.67;14.335;;115;115;165;96;166;38;0.42;0.44;0.43;1.9;2.7;2.3;460;IV;Allemagne;Marder II: Marder 38T;28,9;
7,92 mm Mauser E.W. 141;;640;;640;;;253.52;;253.52;;8;8;;33;43;;0.45;;0.45;1.3;;1.3;30;II;Allemagne;Pz.Kpfw. I Ausf. C;3,2;
75 mm AC SA44;;40;160;100;;;15.79;17.14;16.465;;110;110;175;100;129;38;0.41;;0.41;1.7;;1.7;1,4;V;France;Somua SAu 40: ARL V39;27;
75 mm APX mle. 1938;;40;200;120;;;15.79;17.14;16.465;;110;110;175;68;100;38;0.45;;0.45;1.7;;1.7;1,02;III;France;Somua SAu 40: ARL V39;22,36;
75 mm AT Gun M3;;46;;46;;;14.29;;14.29;;110;110;175;92;127;38;0.43;;0.43;1.7;1.9;1.8;1,437;IV;USA;M8A1;30;
75 mm AT Gun Mk. V;;120;;120;;;26.09;;26.09;;110;110;175;91;144;38;0.39;;0.39;1.7;;1.7;500;V;Royaume-Unis;AT 8;45;
75 mm AT Howitzer M3;;46;;46;;;16.22;;16.22;;175;110;;38;91;;0.53;;0.53;1.9;;1.9;138;III;USA;M8A1;5,4;
75 mm Blockhaus Schneider;;24;;24;;;7.69;;7.69;;165;110;;38;100;;0.77;;0.77;4.5;;4.5;210;II;France;Renault FT 75 BS;2,83;
75 mm Gun M2;;50;71;60;;;15.79;16.67;16.23;;110;110;175;90;125;38;0.47;;0.47;1.7;1.8;1.75;1,237;IV;USA;M3 Lee: M7;23;
75 mm Gun M3;;50;104;77;;;15.79;20;17.895;;110;110;175;92;127;38;0.41;0.46;0.435;2;2.1;2.05;1,437;IV;USA;M3 Lee: M4 Sherman: M7: M4A3E8 Sherman: M4A3E2 Sherman Jumbo: T21;30;
75 mm Gun M3;;90;;90;;;15.75;;15.75;;110;110;175;92;127;38;0.46;;0.46;2.1;;2.1;1,437;IV;USA;M4A2E4 Sherman: T14;;
75 mm Gun M6;;48;60;54;;;15;15.79;15.395;;110;110;175;96;143;38;0.4;;0.4;1.5;2.1;1.8;1,45;V;USA;M24 Chaffee;33,35;
75 mm Gun Mk. V;;44;84;64;;;9.09;20;14.545;;110;110;175;91;144;38;0.39;0.42;0.405;1.5;2.5;2;500;V;Royaume-Unis;Valentine: Churchill I: Cromwell: Churchill VII: Comet;45;
75 mm Gun Mk. V;;64;;64;;;15.79;;15.79;;110;110;175;91;144;38;0.42;;0.42;2.3;;2.3;500;V;Royaume-Unis;Excelsior;;
75 mm Howitzer M1A1;;42;98;70;;;12.5;16.22;14.36;;175;110;;38;91;;0.53;;0.53;1.7;2.3;2;138;IV;USA;T18: T82: T40;26;
75 mm Howitzer M3;;40;46;43;;;13.04;14.63;13.835;;175;110;;38;91;;0.55;;0.55;2.3;;2.3;138;III;USA;M2 Medium Tank: M5 Stuart;5,4;
75 mm PaK 40/2;;40;;40;;;15.92;;15.92;;110;110;175;98;126;38;0.37;;0.37;1.5;;1.5;1,52;IV;France;FCM 36 Pak 40;;
75 mm SA32;;60;74;67;;;9.68;15.79;12.735;;110;110;175;74;100;38;0.46;;0.46;2.3;2.5;2.4;1,52;IV;France;AMX 40: ELC AMX: BDR G1B;10,36;
75 mm SA44;;48;74;61;;;13.95;15.79;14.87;;110;110;175;100;129;38;0.43;;0.43;2.3;;2.3;1,4;V;France;ELC AMX: BDR G1B;27;
75 mm SA49 L48;;36;42;39;;;15.59;17.7;16.645;;110;110;175;108;148;38;0.42;;0.42;2.3;2.5;2.4;1,52;V;France;amx 12t: AMX 13 75;35,64;
75 mm SA50;;30;48;39;;;11.57;13.85;12.71;;135;135;175;144;202;38;0.36;;0.36;2.3;2.5;2.4;1,74;VI;France;amx 12t: AMX 13 75: AMX 13 90;64,2;
75 mm Vickers HV;;61;84;72;;;12.5;15.38;13.94;;135;135;175;145;202;38;0.34;0.36;0.35;2.3;;2.3;591;VI;Royaume-Unis;Churchill I: Cromwell: Churchill VII: Comet;50;
76 mm 54-76T;;45;;45;;;16.22;17.65;16.935;;115;115;165;85;106;38;0.36;;0.36;2.3;;2.3;550;V;Chine;59-16;49;
76 mm 54-76T (Autoloader);;45;60;52;;;19.57;21.38;20.475;;115;115;165;85;106;38;0.36;;0.36;2.3;;2.3;1;VI;Chine;59-16: WZ-131;69;
76 mm AT Gun M1918;;98;;98;;;16.22;;16.22;;110;130;170;90;100;42;0.43;;0.43;1.7;;1.7;900;IV;USA;T40;27,3;
76 mm AT Gun M1A1;;45;68;56;;;16.22;18.75;17.485;;115;110;185;128;177;38;0.39;0.41;0.4;1.7;;1.7;1,567;VI;USA;T40: T49: M10 Wolverine: M18 Hellcat;50,33;
76 mm AT Gun M1A2;;45;54;49;;;18.18;19.35;18.765;;115;110;185;128;177;38;0.35;0.38;0.365;1.7;;1.7;1,59;VI;USA;M10 Wolverine: M36 Jackson: M18 Hellcat;62;
76 mm F-32;;69;;69;;;15.38;;15.38;;110;110;156;67;100;38;0.51;;0.51;2.9;;2.9;770;IV;Russie;T-28;27,61;
76 mm F-34;;70;77;73;;;11.8;16.2;14;;110;110;156;86;102;38;0.46;;0.46;2.3;;2.3;1,155;IV;Russie;T-34: A-43: A-44;30,55;
76 mm Gun M1A1;;68;104;86;;;14.29;16.67;15.48;;115;110;185;128;177;38;0.43;;0.43;2.3;;2.3;1,567;VI;USA;M4 Sherman: T1 Heavy Tank: M6: M4A3E8 Sherman: M4A3E2 Sherman Jumbo: T20: M26 Pershing: T21;50,33;
76 mm Gun M1A1;;70;;70;0;1;15.79;;15.79;;115;110;185;128;177;38;0.43;;0.43;2.3;;2.3;1,567;VI;France;ARL 44;50,33;
76 mm Gun M1A2;;60;126;93;;;16.36;18.18;17.27;;115;110;185;128;177;38;0.4;;0.4;2.3;;2.3;1,59;VI;USA;M6: M4A3E8 Sherman: M4A3E2 Sherman Jumbo: T20: T29: M26 Pershing: T21: T71;62;
76 mm Gun M1A2;76;45;;45;0;1;18.18;;18.18;;115;110;185;128;177;38;0.4;;0.4;2.1;;2.1;587;VI;Chine;Type 64;0;
76 mm Gun mod. 1902/30 30 clb;;48;;48;;;9.1;10;9.55;;110;164;110;70;42;75;0.73;;0.73;4.5;;4.5;389;II;Russie;SU-5: SU-26;4,09;
76 mm Gun mod. 1902/30 40 clb;;48;;48;;;9.1;10;9.55;;110;164;110;80;42;75;0.71;;0.71;4.5;;4.5;389;III;Russie;SU-5: SU-26;8,05;
76 mm Gun T185;;60;;60;;;12;12.9;12.45;;150;150;185;175;220;38;0.38;0.39;0.385;2.3;;2.3;646;VI;USA;T71: T69;63;
76 mm Gun T94;;60;;60;;;18.18;;18.18;;115;110;185;137;185;38;0.39;;0.39;1.7;;1.7;1,59;VI;USA;M24 Chaffee;64;
76 mm KT-28;;69;;69;;;13.04;;13.04;;105;110;164;37;100;38;0.6;;0.6;2.3;;2.3;540;II;Russie;T-28;3,58;
76 mm L-10;;60;69;64;;;13.04;;13.04;;105;110;164;66;100;38;0.57;;0.57;2.9;;2.9;641;III;Russie;T-46: T-28;10,31;
76 mm L-10S;;40;;40;;;12.5;;12.5;;105;110;164;66;100;38;0.55;;0.55;2.9;;2.9;641;III;Russie;AT-1;10,31;
76 mm L-10U;;72;;72;;;13.13;;13.13;;105;110;164;66;100;38;0.53;;0.53;2.3;;2.3;641;III;Russie;A-32;;
76 mm L-11;;50;77;63;;;10;16.22;13.11;;110;110;156;68;100;38;0.51;;0.51;2.9;;2.9;660;IV;Russie;A-20: T-34;25,99;
76 mm Regimental Gun mod. 1927;;24;48;36;;;7.5;8.33;7.915;;164;110;;42;75;;0.75;0.76;0.755;4.5;;4.5;230;II;Russie;SU-18: SU-26;2,83;
76 mm S-54;;68;114;91;;;10.53;16.67;13.6;;115;110;165;109;156;39;0.41;;0.41;2.3;2.9;2.6;1,39;V;Russie;T-34: KV-1S: A-43: T-34-85: A-44: KV-13;40,13;
76 mm S-54S;;52;;52;;;14.63;;14.63;;115;110;165;109;156;39;0.39;;0.39;2.3;;2.3;1,39;V;Russie;SU-85;39,47;
76 mm ZiS-3;;60;64;62;;;14.63;17.65;16.14;;110;110;156;78;120;38;0.43;;0.43;2.3;;2.3;1,255;V;Russie;SU-76: SU-85B;34,84;
76 mm ZiS-5;;120;;120;;;14;;14;;110;110;156;99;121;38;0.46;;0.46;2.3;;2.3;1,155;V;Russie;KV-220 Beta-Test: KV-220;;
76 mm ZiS-5;;68;121;94;;;13.95;16.67;15.31;;110;110;156;86;102;38;0.46;;0.46;2.3;;2.3;1,155;V;Russie;KV-1: T-150: KV-1S: KV-13;33,4;
76 mm ZiS-96;;60;;60;;;16.15;;16.15;;110;110;156;86;102;38;0.41;;0.41;1.7;;1.7;1,155;V;Russie;Matilda IV;;
76mm F-34;;100;;100;;;15.79;;15.79;;110;110;156;86;102;38;0.46;;0.46;2.3;;2.3;538;IV;Chine;Type T-34;30,55;
8,8 cm KwK 36 L/56;;50;92;71;;;8.11;9.23;8.67;;220;220;270;132;171;44;0.38;;0.38;2.3;;2.3;2,05;VII;Allemagne;Pz.Kpfw. VI Tiger: Pz.Kpfw. V Panther: VK 36.01 (H): VK 30.01 (H): VK 30.02 (D): VK 30.01 (P): Panther II: VK 45.02 (P) Ausf. A: Pz.Kpfw. VI Tiger (P): Indien-Panzer;66;
8,8 cm KwK 43 L/71;;60;92;76;;;6.59;8.22;7.405;;240;240;295;203;237;44;0.34;;0.34;2.9;;2.9;2,562;VIII;Allemagne;Pz.Kpfw. VI Tiger: Pz.Kpfw. Tiger II: VK 45.02 (P) Ausf. B: Panther II: E-75: E-50: VK 45.02 (P) Ausf. A: Pz.Kpfw. VI Tiger (P): Indien-Panzer;112,18;
8,8 cm KwK 46 L/100;;66;74;70;;;8.7;9.09;8.895;;240;240;295;223;261;44;0.3;;0.3;2.9;;2.9;3,35;IX;Allemagne;E-50;174,55;
8,8 cm PaK 36 L/56;;50;60;55;;;10.53;11.11;10.82;;220;220;270;132;171;44;0.35;;0.35;1.7;;1.7;2,05;VII;Allemagne;JagdPz IV: Jagdpanther;66;
8,8 cm PaK 43 L/71;;50;57;53;;;9.84;10;9.92;;240;240;295;203;237;44;0.32;;0.32;2.3;;2.3;2,562;VIII;Allemagne;Jagdpanther: Jagdpanther II: Ferdinand;112,18;
8.8 cm PaK 43 L/71 Ausf. A;;68;;68;;;11.11;;11.11;;240;240;295;203;237;44;0.31;;0.31;2;;2;2,562;VIII;Allemagne;8:8 cm PaK 43 Jagdtiger;;
85 mm 56-85JT;;47;60;53;;;10.53;13.33;11.93;;160;160;280;128;172;43;0.38;;0.38;2.3;2.9;2.6;1,75;VI;Chine;Type 58: T-34-1: T-34-2: WZ-131;72;
85 mm 62-85T;;47;;47;;;10.53;;10.53;;180;180;300;145;250;43;0.37;;0.37;2.3;;2.3;1,65;VII;Chine;WZ-131;75;
85 mm 64-85T;;47;;47;;;10.53;10.59;10.56;;200;200;320;159;260;43;0.36;;0.36;2.3;;2.3;1,7;VIII;Chine;WZ-131: WZ-132;89;
85 mm 64-85TG;;47;;47;;;10.53;10.91;10.72;;200;200;320;172;260;43;0.34;;0.34;2.3;;2.3;1,75;VIII;Chine;WZ-132;89;
85 mm D-5S;;48;62;55;;;13.33;13.64;13.485;;160;160;280;120;161;43;0.43;;0.43;2.3;;2.3;1,5;VI;Russie;SU-85: SU-100;61,53;
85 mm D-5S-85A;;43;;43;;;13.33;;13.33;;160;160;280;117;161;43;0.42;;0.42;2.3;;2.3;1,5;VI;Russie;SU-85B;59;
85 mm D-5S-85A;;58;;58;;;13.95;;13.95;;160;160;280;117;161;43;0.41;;0.41;1.7;;1.7;1,5;VI;Russie;SU-85I;;
85 mm D5S-85BM;;38;50;44;;;10;10.53;10.265;;180;180;300;144;194;44;0.34;;0.34;2.3;;2.3;1,85;VII;Russie;SU-85: SU-100;73,6;
85 mm D-5T;;68;76;72;;;12;12.24;12.12;;160;160;280;120;161;43;0.46;;0.46;2.9;;2.9;1,5;VI;Russie;KV-1S: KV-13: IS;61,53;
85 mm D5T-85BM;;48;68;58;;;10;11.11;10.555;;180;180;300;144;194;44;0.37;;0.37;2.3;2.9;2.6;1,85;VII;Russie;T-34-85: T-43: KV-13: IS: T-44;73,6;
85 mm F-30;;76;91;83;;;11.76;12;11.88;;160;160;280;120;161;43;0.42;;0.42;2.9;3.4;3.15;1,55;VI;Russie;KV-1: KV-3;48;
85 mm LB-2S;;43;;43;;;13.33;;13.33;;160;160;280;130;170;44;0.38;;0.38;2.3;;2.3;1,55;VI;Russie;SU-85B;62,6;
85 mm S-31;;70;91;80;;;11.76;12.5;12.13;;160;160;280;119;159;43;0.42;;0.42;2.9;3.4;3.15;1,5;VI;Russie;T-150: KV-3;49,2;
85 mm S-53;;50;60;55;;;12;13.33;12.665;;160;160;280;120;161;43;0.42;;0.42;2.3;2.9;2.6;1,55;VI;Chine;Type 58: T-34-1: T-34-2;61,53;
85 mm ZiS S-53;;56;70;63;;;11.54;12.77;12.155;;160;160;280;120;161;43;0.42;;0.42;2.3;2.9;2.6;1,55;VI;Russie;T-34-85: T-43: T-44;62;
8-inch Howitzer M1;;20;;20;;;1.23;;1.23;;1850;1450;1850;102;241;102;0.86;;0.86;7.5;;7.5;4,645;VIII;USA;M40/M43;150;
8-inch Howitzer M47;;20;;20;;;1.33;;1.33;;1850;1450;1850;102;241;102;0.84;;0.84;7;;7;2,776;IX;USA;M53/M55;240;
9 cm KwK 54;;61;90;75;;;8;10;9;;240;240;320;212;259;45;0.32;0.34;0.33;2.3;2.9;2.6;1,65;VIII;Allemagne;Indien-Panzer: Leopard prototyp A;118;
90 mm AC canon DCA 30;;65;100;82;;;7.14;9.52;8.33;;240;240;320;135;175;45;0.38;0.4;0.39;1.7;2.3;2;2,05;VII;France;S 35 CA: ARL V39: AMX AC Mle. 1946;64;
90 mm AC DCA 45;;80;;80;;;6.67;9.52;8.095;;240;240;320;212;259;45;0.34;0.36;0.35;1.7;2.9;2.3;2,75;VIII;France;AMX AC Mle. 1946: ARL V39: AMX AC Mle. 1948;121,25;
90 mm AT Gun M3;;30;56;43;;;7.5;8.22;7.86;;240;240;320;160;243;45;0.35;0.36;0.355;1.7;;1.7;2,05;VII;USA;M36 Jackson: M18 Hellcat: T25 AT: T25/2;81;
90 mm AT Gun T15E2;;47;72;59;;;7.79;8.7;8.245;;240;240;320;170;258;45;0.35;0.36;0.355;1.7;;1.7;2,05;VIII;USA;T25 AT: T25/2: T28: T28 Prototype;111,9;
90 mm D 914;;36;;36;;;5;;5;;240;240;320;170;248;45;0.38;;0.38;2.9;;2.9;1,56;VI;France;ELC AMX;61;
90 mm DCA 30;;48;74;61;;;6.32;8.22;7.27;;240;240;320;135;175;45;0.4;;0.4;2.3;2.5;2.4;2,05;VII;France;BDR G1B: ARL 44: AMX M4 mle. 45;64;
90 mm DCA 45;;50;74;62;;;7.4;16.19;11.795;;240;240;320;212;259;45;0.36;0.38;0.37;2.9;3.4;3.15;2,75;VIII;France;ARL 44: AMX M4 mle. 45: AMX 50 100: AMX 50 120;121,25;
90 mm DCA 45;;91;;91;;;8;;8;;240;240;320;212;259;45;0.36;;0.36;2.3;;2.3;2,75;VIII;France;FCM 50 t;;
90 mm F3;;36;74;55;;;6.47;18.26;12.365;;240;240;320;170;248;45;0.38;0.39;0.385;2.3;3;2.65;2,2;VII;France;ARL 44: AMX M4 mle. 45: AMX 13 90: AMX 50 100: Lorraine 40 t: Bat Chatillon 25 t;87;
90 mm Gun M3;;48;73;60;;;6.38;7.89;7.135;;240;240;320;160;243;45;0.38;;0.38;2.3;;2.3;2,05;VII;USA;M6: T20: T29: M26 Pershing: M46 Patton;81;
90 mm Gun M36;;70;71;70;;;7.89;;7.89;;240;240;320;172;262;45;0.38;;0.38;2.3;;2.3;2,08;VII;USA;M46 Patton;88,5;
90 mm Gun M41;;60;;60;;;9.52;;9.52;;240;240;320;173;263;45;0.36;;0.36;2;;2;2,3;VIII;USA;M48A1 Patton;95,5;
90 mm Gun T15E1;;54;;54;;;7.32;;7.32;;240;240;320;170;258;45;0.38;;0.38;2.3;;2.3;2,05;VIII;USA;T26E4 Super Pershing;;
90 mm Gun T15E2;;54;;54;;;7.89;;7.89;;240;240;320;170;258;45;0.38;;0.38;2.3;;2.3;2,05;VIII;USA;T32;111,9;
90 mm Gun T15E2M2;;70;71;70;;;7.32;7.89;7.605;;240;240;320;180;268;45;0.37;;0.37;2.3;;2.3;2,25;VIII;USA;M26 Pershing: M46 Patton;128,9;
90 mm Gun T178;;40;45;42;;;7.27;9.1;8.185;;240;240;320;173;300;45;0.38;;0.38;2.6;2.9;2.75;1,075;VIII;USA;T69: T54E1;121;
B.L. 5.5-in. Gun;;32;76;54;;;2.14;2.5;2.32;;900;900;;70;75;;0.7;0.72;0.71;6;6.5;6.25;1,869;VII;Royaume-Unis;Crusader 5.5-in. SP: FV3805: FV207;88;
B.L. 7.2-in. Howitzer Mk. 6;;48;;48;;;1.46;;1.46;;1750;1750;;92;97;;0.82;;0.82;7;;7;7,972;IX;Royaume-Unis;FV3805;230;
B.L. 9.2-in. Howitzer Mk. II;;24;;24;;;1.03;;1.03;;2200;2200;;117;117;;1.1;;1.1;8.5;;8.5;2,919;X;Royaume-Unis;Conqueror Gun Carriage;340;
Browning MG caliber .50 HB, M2;;1100;;1100;;;116.58;;116.58;;8;;;22;;;0.53;;0.53;1.7;;1.7;38;I;USA;T7 Combat Car;;
Browning MG caliber .50 HB, M2;;1800;;1800;;;85.41;107.62;96.515;;8;;;22;;;0.57;;0.57;1.7;;1.7;70;I;USA;M2 Light Tank;2;
Canon de 155 mm;;36;;36;;;1.93;2.45;2.19;;1250;1250;720;95;95;185;0.68;0.7;0.69;5.5;;5.5;4,352;IX;France;Bat.-Châtillon 155 58: Bat.-Châtillon 155 55;225;
Canon de 155 mm de 33 calibres;;20;28;24;;;1.96;2.01;1.985;;950;720;;90;185;;0.78;;0.78;7;;7;2,675;VI;France;AMX 13 F3 AM: Lorraine 155 mle. 50;65;
Canon de 155 mm mle. 1917 G.P.F.;;28;;28;;;1.82;1.93;1.875;;1250;1250;720;95;95;185;0.7;0.74;0.72;6;;6;3,989;VIII;France;Lorraine 155 mle. 51: Bat.-Châtillon 155 55;125;
Obusier de 155 mm C mle. 1917;;24;;24;;;2.46;;2.46;;720;720;;77;185;;0.82;;0.82;7;;7;1,22;V;France;AMX 13 F3 AM;44,92;
Obusier de 155 mm mle. 1950;;28;;28;;;2.01;2.25;2.13;;950;950;720;90;90;185;0.76;;0.76;6.5;;6.5;2,675;VII;France;Lorraine 155 mle. 50: Lorraine 155 mle. 51;96;
OQF 17-pdr AT Gun MK. VII;;60;;60;;;13.95;15.79;14.87;;150;150;190;171;239;38;0.32;;0.32;1.7;;1.7;826;VII;Royaume-Unis;AT 8: AT 7;65;
OQF 17-pdr Gun Mk. VII;;70;84;77;;;12;14.29;13.145;;150;150;190;171;239;38;0.34;;0.34;1.9;2.3;2.1;826;VII;Royaume-Unis;Black Prince: Centurion Mk. I: Caernarvon;60;
OQF 17-pdr Gun MK. VII;;144;;144;;;12;;12;;150;150;190;171;239;38;0.34;;0.34;2.3;;2.3;826;VII;Royaume-Unis;TOG II*;;
OQF 17-pdr Gun MK. VII AT;;70;;70;;;13.95;;13.95;;150;150;190;171;239;38;0.32;;0.32;1.9;;1.9;826;VII;Royaume-Unis;AT 15A;;
OQF 20-pdr AT Gun Type A Barrel;;50;60;55;;;10.34;11.11;10.725;;230;230;280;226;258;42;0.31;;0.31;1.9;2.1;2;1,242;VIII;Royaume-Unis;AT 7: AT 15;120;
OQF 20-pdr AT Gun Type B Barrel;;60;70;65;;;12;13.95;12.975;;230;230;280;226;258;42;0.3;;0.3;1.5;1.7;1.6;1,282;IX;Royaume-Unis;AT 15: Tortoise;180;
OQF 20-pdr Type A Barrel;;60;72;66;;;7.5;10;8.75;;230;230;280;226;258;42;0.33;;0.33;1.9;2.3;2.1;1,242;VIII;Royaume-Unis;Centurion Mk. I: Caernarvon: Centurion Mk. 7/1: Conqueror;120;
OQF 20-pdr Type B Barrel;;60;72;66;;;7.69;10.53;9.11;;230;230;280;226;258;42;0.32;;0.32;1.7;1.9;1.8;1,282;IX;Royaume-Unis;Caernarvon: Centurion Mk. 7/1: Conqueror;180;
OQF 25-pdr AT Gun-Howitzer Mark III;;60;;60;;;10.53;;10.53;;180;180;280;71;92;44;0.46;;0.46;2.1;;2.1;510;V;Royaume-Unis;Alecto;40;
OQF 32-pdr AT Gun;;46;60;53;;;7.06;12;9.53;;250;250;330;214;246;47;0.33;0.34;0.335;1.7;2.9;2.3;2,972;VIII;Royaume-Unis;Churchill Gun Carrier: AT 15: Tortoise;105;
OQF 3-inch Howitzer Mk. I;;35;115;75;;;13.95;16.67;15.31;;175;110;;38;100;;0.51;0.55;0.53;1.9;2.3;2.1;116;IV;Royaume-Unis;Covenanter: Matilda: Churchill I: Crusader;30;
OQF 3-pdr Gun Mk. I;;90;111;100;;;12;16.67;14.335;;50;50;65;38;66;23;0.45;;0.45;2.3;2.9;2.6;240;I;Royaume-Unis;Vickers Medium Mk. I: Vickers Medium Mk. II;0;
OQF 3-pdr Gun Mk. II;;111;;111;;;16.67;22.22;19.445;;50;50;65;43;72;23;0.41;0.43;0.42;1.7;2.3;2;250;II;Royaume-Unis;Vickers Medium Mk. II: Vickers Medium Mk. III;3,1;
OQF 77 mm AT Gun Mk. II;;84;;84;;;15.79;18.18;16.985;;140;140;190;148;208;38;0.32;;0.32;1.7;;1.7;681;VII;Royaume-Unis;AT 8: AT 7;62;
OQF 77 mm Gun Mk. II;;61;140;100;;;13.95;15.38;14.665;;140;140;190;148;208;38;0.34;0.36;0.35;1.9;2.3;2.1;681;VII;Royaume-Unis;Churchill VII: Comet: Black Prince: Centurion Mk. I;50;
Q.F. 13-Pr. Mk. III;;24;;24;;;6.67;;6.67;;165;;;42;;;0.8;;0.8;5;;5;305;II;Royaume-Unis;Loyd Gun Carriage;2,8;
Q.F. 18-Pr.;;112;150;131;;;5.45;6.82;6.135;;260;170;;42;65;;0.74;0.78;0.76;5;5.5;5.25;457;III;Royaume-Unis;Sexton II: Birch Gun;10,5;
Q.F. 25-Pr. Gun/How.;;32;150;91;;;5;6.98;5.99;;280;180;180;44;92;71;0.66;0.76;0.71;4.5;5.5;5;510;IV;Royaume-Unis;Sexton II: Birch Gun: Bishop: FV304;28,5;
Q.F. 25-Pr. Gun/How. Mk. II;;112;;112;;;5;;5;;280;180;180;44;92;71;0.76;;0.76;5.5;;5.5;510;IV;Royaume-Unis;Sexton I;;
Q.F. 4.5-in. Howitzer;;32;64;48;;;4.65;5;4.825;;450;;;57;;;0.7;0.72;0.71;4.5;;4.5;463;V;Royaume-Unis;Bishop: Crusader 5.5-in. SP: FV304;43;
Q.F. 6-in. Gun Mk. V;;48;76;62;;;1.82;1.94;1.88;;1250;750;1250;90;258;90;0.7;0.72;0.71;6;6.5;6.25;6,96;VIII;Royaume-Unis;FV3805: FV207;130;
QF 2-pdr AT Gun Mk. IX;;112;;112;;;26.09;;26.09;;45;45;60;64;121;23;0.38;;0.38;1.7;;1.7;130;II;Royaume-Unis;Universal Carrier 2-pdr;2;
QF 2-pdr Mk. IX;;87;130;108;;;24;28.57;26.285;;45;45;60;64;121;23;0.36;0.4;0.38;1.7;2.3;2;130;III;Royaume-Unis;Cruiser Mk. I: Cruiser Mk. III: Cruiser Mk. II: Vickers Medium Mk. III: Cruiser Mk. IV;6;
QF 2-pdr Mk. X;;60;180;120;;;28.57;;28.57;;50;50;60;78;121;23;0.36;;0.36;1.5;1.7;1.6;130;IV;Royaume-Unis;Covenanter: Valentine: Matilda: Churchill I: Crusader;3;
QF 2-pdr Mk. X-B;;92;;92;;;28.57;;28.57;;55;55;;121;145;;0.36;;0.36;1.9;;1.9;175;IV;Royaume-Unis;Matilda;28;
QF 2-pdr Mk.IX;;80;;80;;;28.57;;28.57;;45;45;60;64;121;23;0.38;;0.38;1.7;;1.7;130;IV;USA;T18;17,2;
QF 2-pdr Mk.IX-A;;50;;50;;;21;;21;;45;45;60;64;121;23;0.4;;0.4;2.3;;2.3;130;IV;Russie;Tetrarch;;
QF 3.7-inch AT Gun;;46;;46;;;8.57;;8.57;;230;230;300;151;189;47;0.35;;0.35;2.3;;2.3;1,783;VII;Royaume-Unis;Churchill Gun Carrier;72;
QF 40 mm Mk. VI Bofors;;120;;120;;;32;35.82;33.91;;50;50;60;63;101;23;0.39;0.41;0.4;1.9;;1.9;470;IV;Royaume-Unis;Cruiser Mk. IV: Covenanter;24;
QF 6-pdr 8 cwt AT Gun Mk. I;;64;;64;;;18.75;;18.75;;70;70;95;57;72;29;0.46;;0.46;1.7;;1.7;450;IV;Royaume-Unis;Universal Carrier 2-pdr;25;
QF 6-pdr 8 cwt AT Gun Mk. II;;64;;64;;;18.75;;18.75;;70;70;95;45;57;29;0.5;;0.5;1.7;;1.7;300;II;Royaume-Unis;Universal Carrier 2-pdr;3;
QF 6-pdr 8 cwt Mk. I;;80;;80;;;15.79;20;17.895;;70;70;95;57;72;29;0.44;0.48;0.46;1.7;2.3;2;450;IV;Royaume-Unis;Vickers Medium Mk. II: Vickers Medium Mk. III;25;
QF 6-pdr 8 cwt Mk. II;;60;80;70;;;13.33;15.79;14.56;;70;70;95;45;57;29;0.52;;0.52;1.9;2.3;2.1;300;II;Royaume-Unis;Vickers Medium Mk. I: Vickers Medium Mk. II;3;
QF 6-pdr AT Gun Mk. II;;102;120;111;;;21.43;;21.43;;75;75;100;105;170;30;0.41;;0.41;2;;2;400;IV;Royaume-Unis;Valentine AT: Alecto;25;
QF 6-pdr AT Gun Mk. III;;96;;96;;;26.09;;26.09;;75;75;100;105;170;30;0.41;;0.41;1.7;;1.7;400;IV;Royaume-Unis;AT 2;27;
QF 6-pdr AT Gun Mk. IV;;102;120;111;;;21.43;;21.43;;75;75;100;110;180;30;0.37;;0.37;2;;2;450;IV;Royaume-Unis;Valentine AT: Alecto;27;
QF 6-pdr AT Gun Mk. V;;96;120;108;;;26.09;27.5;26.795;;75;75;100;110;180;30;0.37;;0.37;1.7;;1.7;450;V;Royaume-Unis;AT 2: AT 8: AT 7;35;
QF 6-pdr Gun Mk. V;;44;84;64;;;13.33;27.27;20.3;;75;75;100;110;180;30;0.39;0.41;0.4;1.9;2.5;2.2;450;V;Royaume-Unis;Valentine: Churchill I: Crusader: Cromwell: Churchill VII;35;
QF 6-pdr Mk. III;;130;155;142;;;26.09;28.6;27.345;;75;75;;105;170;;0.43;;0.43;2.1;2.3;2.2;450;IV;USA;M7: T21;30,5;
QF 6-pdr Mk. III;;44;84;64;;;13.33;27.27;20.3;;75;75;100;105;170;30;0.41;0.43;0.42;1.9;2.3;2.1;400;IV;Royaume-Unis;Valentine: Churchill I: Crusader: Cromwell;27;
QF 6-pdr Mk. V;;140;;140;;;26.25;;26.25;;75;75;;110;180;;0.43;;0.43;2.3;;2.3;450;IV;Russie;Churchill III;;
QF 6-pdr Mk. V A;;55;;55;;;26.09;;26.09;;75;75;100;110;180;30;0.41;;0.41;2.3;;2.3;450;V;Royaume-Unis;Matilda Black Prince;;
QF 6-pounder Mk. IIIA;;92;;92;;;26.2;;26.2;;75;75;;105;170;;0.43;;0.43;2.3;;2.3;450;IV;USA;Ram II;;
Type 62-85TS;;47;;47;;;10.53;;10.53;;180;180;300;145;250;43;0.37;;0.37;2.3;;2.3;1,5;VI;Chine;Type 62;;
