tier;nom;armure_avant;armure_cote;armure_arriere;rotation_tourelle;portee;prix;poids;compatibilité;nation;expérience
I;Cunningham D1;10;10;10;39;240;0;700;T1 Cunningham;USA;
I;M2D27810;16;16;16;32;260;450;700;M2 Light Tank;USA;
I;T1;12.7/6.4/6.4;12.7/6.4/6.4;12.7/6.4/6.4;38;260;;700;T1E6;USA;
I;T2D1;16;16;16;39;260;;700;T2 Light Tank;USA;
I;T2T1;22;22;22;34;300;500;860;T2 Medium Tank;USA;
I;Vickers Medium Mk. I;6.35/6.35/6.35;6.35/6.35/6.35;6.35/6.35/6.35;32;260;0;136;Vickers Medium Mk. I;Royaume-Unis;
I;Cruiser Mk. I;14/12/2014;14/12/2014;14/12/2014;44;300;120;2;Cruiser Mk. I;Royaume-Unis;
I;Vickers Medium Mk. II*;8/6.35/6.35;8/6.35/6.35;8/6.35/6.35;32;280;120;175;Vickers Medium Mk. II;Royaume-Unis;
I;Cruiser Mk. III;14;14;14;46;320;120;225;Cruiser Mk. III;Royaume-Unis;
I;Leichttraktor;14/12/2012;14/12/2012;14/12/2012;44;260;0;700;Leichttraktor;Allemagne;
I;L.K.A. 2;14/13/13;14/13/13;14/13/13;40;310;310;600;Pz.Kpfw. I;Allemagne;
I;Renault FT Omnibus;16/16/12;16/16/12;16/16/12;38;250;0;170;Renault FT;France;
I;D1 Berliet;22/22/16;22/22/16;22/22/16;36;280;120;500;D1;France;
I;APX R;40/40/40;40/40/40;40/40/40;32;300;450;900;Hotchkiss H35;France;
I;MS-1 mod. 1927;18/16/16;18/16/16;18/16/16;39;240;0;170;MS-1;Russie;
I;BT-2;26/13/13;26/13/13;26/13/13;32;240;440;700;BT-2;Russie;
I;Tetrarch;16/14/10;16/14/10;16/14/10;41.13;260;;1;Tetrarch;Russie;
I;T-40;15/15/15;15/15/15;15/15/15;32;280;400;450;T-60;Russie;
I;FT-17;16/16/14;16/16/14;16/16/14;38;250;0;170;Renault NC-31;Chine;
I;Vickers Mk. E Type B;12/12/2012;12/12/2012;12/12/2012;44;280;160;650;Vickers Mk. E Type B;Chine;
II;T7 Combat Car;12/12/2012;12/12/2012;12/12/2012;24;280;;800;T7 Combat Car;USA;
II;Cunningham D2;10/10/2010;10/10/2010;10/10/2010;35;280;200;950;T1 Cunningham;USA;
II;D37812;38/25/25;38/25/25;38/25/25;40;280;800;125;M3 Stuart;USA;
II;M2D27812;25/25/25;25/25/25;25/25/25;35;320;640;800;M2 Light Tank;USA;
II;M2M19;25/25/25;25/25/25;25/25/25;40;280;730;950;M2 Medium Tank;USA;
II;T2T2;25/25/25;25/25/25;25/25/25;36;320;700;950;T2 Medium Tank;USA;
II;A6?1;14/14/14;14/14/14;14/14/14;40;310;730;125;Vickers Medium Mk. III;Royaume-Unis;
II;Cruiser Mk. IV;14/12/2014;14/12/2014;14/12/2014;42;320;730;265;Cruiser Mk. IV;Royaume-Unis;
II;A10E1;30/26/30;30/26/30;30/26/30;46;320;730;275;Cruiser Mk. II;Royaume-Unis;
II;Vickers Medium Mk. IA*;08/08/2008;08/08/2008;08/08/2008;32;280;500;175;Vickers Medium Mk. I;Royaume-Unis;
II;Cruiser Mk. III;14/14/14;14/14/14;14/14/14;46;320;500;225;Cruiser Mk. I;Royaume-Unis;
II;Vickers Medium Mk. II**;08/08/2008;08/08/2008;08/08/2008;32;300;350;2;Vickers Medium Mk. II;Royaume-Unis;
II;Cruiser Mk. III*;14/12/2014;14/12/2014;14/12/2014;42;320;500;25;Cruiser Mk. III;Royaume-Unis;
II;L.K.A. 2;14/13/13;14/13/13;14/13/13;39;310;280;950;Leichttraktor;Allemagne;
II;Pz.Kpfw. I Breda;14/13/13;14/13/13;14/13/13;42;320;1,58;600;Pz.Kpfw. I;Allemagne;
II;Pz.Kpfw. 35 (t);25/16/16;25/16/16;25/16/16;26;290;560;1;Pz.Kpfw. 35 (t);Allemagne;
II;Pz.Kpfw. II Ausf. B;30/15/15;30/15/15;30/15/15;39;290;640;950;Pz.Kpfw. II;Allemagne;
II;Pz.Kpfw. II Ausf. C;14/14/14;14/14/14;14/14/14;44;310;720;900;Pz.Kpfw. II Ausf. G;Allemagne;
II;Pz.Kpfw. III Ausf. A;14/14/14;14/14/14;14/14/14;44;320;720;800;Pz.Kpfw. III Ausf. A;Allemagne;
II;Pz.Kpfw. 38H 735 (f);40/40/40;40/40/40;40/40/40;47;330;;1;Pz.Kpfw. 38H 735 (f);Allemagne;
II;Pz.Kpfw. B2 740 (f);46/46/46;46/46/46;46/46/46;44;330;;2;Pz.Kpfw. B2 740 (f);Allemagne;
II;AMX 38;60/40/40;60/40/40;60/40/40;28;310;600;25;AMX 38;France;
II;D2 APX 1;40/40/40;40/40/40;40/40/40;30;300;780;1;D2;France;
II;Schneider Tourelle 2;40/40/35;40/40/35;40/40/35;30;300;830;13;D1;France;
II;Renault FT Berliet;22/22/16;22/22/16;22/22/16;34;280;240;200;Renault FT;France;
II;BT-5;26/13/13;26/13/13;26/13/13;35;280;500;800;BT-2;Russie;
II;BT-7 mod. 1935;20/15/15;20/15/15;20/15/15;44;260;750;950;BT-7;Russie;
II;D37812;38/25/25;38/25/25;38/25/25;40.25;280;;125;M3 Light;Russie;
II;MS-1 mod. 1930;18/16/16;18/16/16;18/16/16;35;280;250;240;MS-1;Russie;
II;T-26 mod. 1936–1937;30/15/15;30/15/15;30/15/15;44;280;670;850;T-26;Russie;
II;T-26;30/15/15;30/15/15;30/15/15;44;260;840;1;T-46;Russie;
II;T-60;25/25/25;25/25/25;25/25/25;34;300;570;550;T-60;Russie;
II;T-70;35/35/35;35/35/35;35/35/35;36;300;920;125;T-70;Russie;
II;FT-18;22/22/16;22/22/16;22/22/16;34;280;500;200;Renault NC-31;Chine;
II;T-26 Model 1936;30/15/15;30/15/15;30/15/15;36;310;500;105;Vickers Mk. E Type B;Chine;
II;Type 97;25/25/25;25/25/25;25/25/25;34;310;840;400;Type 2597 Chi-Ha;Chine;
III;D39273;38/32/32;38/32/32;38/32/32;48;330;2;17;M3 Stuart;USA;
III;M2M7;38/25/25;38/25/25;38/25/25;39;370;1,58;135;M2 Medium Tank;USA;
III;M5A1;44/32/32;44/32/32;44/32/32;40;330;1,89;12;M5 Stuart;USA;
III;M22D1;25/25/25;25/25/25;25/25/25;40;330;;1;M22 Locust;USA;
III;M8A1;38/25/25;38/25/25;38/25/25;18;370;1,89;12;M8A1;USA;
III;Valentine Mk. I;65/60/65;65/60/65;65/60/65;44;330;1,88;275;Valentine;Royaume-Unis;
III;Mk. IIA;75/75/75;75/75/75;75/75/75;34;330;2,16;565;Matilda;Royaume-Unis;
III;Covenanter I;39/19.5/25;39/19.5/25;39/19.5/25;48;330;1,89;3;Covenanter;Royaume-Unis;
III;A6?3;14/14/14;14/14/14;14/14/14;40;330;1,8;175;Vickers Medium Mk. III;Royaume-Unis;
III;Cruiser Mk. IVA;30/12/2014;30/12/2014;30/12/2014;42;330;1,9;265;Cruiser Mk. IV;Royaume-Unis;
III;Cruiser Mk. II;30/26/30;30/26/30;30/26/30;46;330;1,7;275;Cruiser Mk. II;Royaume-Unis;
III;Pz.Kpfw. 35 (t) verstärkterturm;35/16/16;35/16/16;35/16/16;26;320;1,43;135;Pz.Kpfw. 35 (t);Allemagne;
III;LT vz. 40;25/15/15;25/15/15;25/15/15;32;310;1,62;12;Pz.Kpfw. 38 (t);Allemagne;
III;Pz.Kpfw. 38 (t) Ausf. G;50/30/22;50/30/22;50/30/22;32;330;1,72;12;Pz.Kpfw. 38 (t) n.A.;Allemagne;
III;Pz.Kpfw. I Breda;14/13/13;14/13/13;14/13/13;42;320;1,58;600;Pz.Kpfw. I Ausf. C;Allemagne;
III;Pz.Kpfw. I Ausf. C;30/14/14;30/14/14;30/14/14;44;340;2;900;Pz.Kpfw. I Ausf. C;Allemagne;
III;Pz.Kpfw. II Ausf. F;30/15/15;30/15/15;30/15/15;44;320;1,7;950;Pz.Kpfw. II;Allemagne;
III;Pz.Kpfw. II Ausf. G;30/14/14;30/14/14;30/14/14;42;330;1,9;950;Pz.Kpfw. II Ausf. G;Allemagne;
III;Pz.Kpfw. III Ausf. E;30/30/30;30/30/30;30/30/30;35;320;2;22;Pz.Kpfw. III Ausf. A;Allemagne;
III;Pz.Kpfw. III Ausf. F;30/30/30;30/30/30;30/30/30;46;330;2,29;22;Pz.Kpfw. III;Allemagne;
III;D.W.-Versuchsturm;50/50/50;50/50/50;50/50/50;42;330;2,2;275;Durchbruchswagen 2;Allemagne;
III;Pz.Kpfw. S35 739 (f);56/46/46;56/46/46;56/46/46;41;330;;2;Pz.Kpfw. S35 739 (f);Allemagne;
III;T-15;30/25/25;30/25/25;30/25/25;44;350;;12;T-15;Allemagne;
III;VK 20.01 (D);30/30/30;30/30/30;30/30/30;44;330;2,5;51;VK 20.01 (D);Allemagne;
III;AMX 40;70/60/60;70/60/60;70/60/60;32;320;1,85;225;AMX 40;France;
III;B1 APX 1;40/40/40;40/40/40;40/40/40;46;300;1,95;17;B1;France;
III;D2 APX 4;46/46/46;46/46/46;46/46/46;28;320;1,8;135;D2;France;
III;A-20 mod. 1938.;25/25/25;25/25/25;25/25/25;45;300;1,88;12;A-20;Russie;
III;BT-7 mod. 1937;20/15/15;20/15/15;20/15/15;46;300;1,73;105;BT-7;Russie;
III;T-26 mod. 1938;15/15/15;15/15/15;15/15/15;46;310;1,44;105;T-26;Russie;
III;T-28 cylindrical;20/20/20;20/20/20;20/20/20;46;320;2,16;2;T-28;Russie;
III;T-46-1;30/15/15;30/15/15;30/15/15;44;310;1,8;145;T-46;Russie;
III;T-70M;35/35/35;35/35/35;35/35/35;40;310;1,75;2;T-70;Russie;
III;T-80;35/35/35;35/35/35;35/35/35;45;330;1,88;8;T-80;Russie;
III;LTP;30/30/30;30/30/30;30/30/30;36;310;;175;LTP;Russie;
III;T-127;40/30/25;40/30/25;40/30/25;45.5;320;;11;T-127;Russie;
III;T-50;37/37/15;37/37/15;37/37/15;45;330;1,82;12;T-50;Russie;
III;Type 97-Kai;25/25/25;25/25/25;25/25/25;46;330;1,8;1;Type 2597 Chi-Ha;Chine;
III;M3A3;38/31/31;38/31/31;38/31/31;48;330;1,89;102;M5A1 Stuart;Chine;
IV;D51066;76/51/51;76/51/51;76/51/51;39;330;4,8;48;M4 Sherman;USA;
IV;M24A1;51/32/32;51/32/32;51/32/32;48;370;4,8;35;M7;USA;
IV;M8;38/25/25;38/25/25;38/25/25;44;370;5,18;135;M5 Stuart;USA;
IV;MTLS D1;38.1/25.4/25.4;38.1/25.4/25.4;38.1/25.4/25.4;44;320;;125;MTLS-1G14;USA;
IV;T1D5;102/83/83;102/83/83;102/83/83;31;320;4,3;702;T1 Heavy Tank;USA;
IV;M10T72;57/25/25;57/25/25;57/25/25;17;370;4,4;37;M10 Wolverine;USA;
IV;T24;38/25/25;38/25/25;38/25/25;40;370;4,5;17;M24 Chaffee;USA;
IV;T42;21/13/13;21/13/13;21/13/13;16;370;4;264;T49;USA;
IV;T87;38/25/25;38/25/25;38/25/25;18;370;5,18;155;M8A1;USA;
IV;Churchill Mk. I;101.6/89/89;101.6/89/89;101.6/89/89;34;330;4,3;72;Churchill I;Royaume-Unis;
IV;Crusader Mk. I;39/19/23.5;39/19/23.5;39/19/23.5;48;340;3,98;2953;Crusader;Royaume-Unis;
IV;Valentine Mk. XI;65/60/65;65/60/65;65/60/65;40;340;4,5;453;Valentine;Royaume-Unis;
IV;Mk. IIA*;75/75/75;75/75/75;75/75/75;34;340;5;605;Matilda;Royaume-Unis;
IV;Covenanter Mk. IV CS;39/19.5/25;39/19.5/25;39/19.5/25;48;340;5,5;3;Covenanter;Royaume-Unis;
IV;Pz.Kpfw. 38 (t) Ausf. G;25/15/15;25/15/15;25/15/15;32;330;4;18;Pz.Kpfw. 38 (t);Allemagne;
IV;Pz.Kpfw. 38 (t) n.A.;50/25/10;50/25/10;50/25/10;44;370;5;22;Pz.Kpfw. 38 (t) n.A.;Allemagne;
IV;Luchs 2 cm;30/20/20;30/20/20;30/20/20;42;330;1,58;900;Pz.Kpfw. II Luchs;Allemagne;
IV;VK 30.01 (H) 0-Serie;50/50/50;50/50/50;50/50/50;42;330;5,2;3;Durchbruchswagen 2;Allemagne;
IV;VK 30.01 (H) 0-Serie;50/50/50;50/50/50;50/50/50;42;330;5,13;3;VK 30.01 (H);Allemagne;
IV;PzKpfw-IV-Turm;50/30/30;50/30/30;50/30/30;53;320;;3;Pz.Kpfw. V/IV;Allemagne;
IV;PzKpfw-IV-Turm;50/30/30;50/30/30;50/30/30;53;320;;3;Pz.Kpfw. V/IV Alpha;Allemagne;
IV;Pz.Kpfw. III Ausf. L;57/30/30;57/30/30;57/30/30;44;330;5;32;Pz.Kpfw. III;Allemagne;
IV;Pz.Kpfw. III/IV Ausf. A;50/30/30;50/30/30;50/30/30;44;320;5,37;3;Pz.Kpfw. III/IV;Allemagne;
IV;Pz.Kpfw. III Ausf. M;57/30/30;57/30/30;57/30/30;44;330;5;54;VK 20.01 (D);Allemagne;
IV;Pz.Sfl. IVb;20/14/14;20/14/14;20/14/14;10;340;100;2;Pz.Sfl. IVb;Allemagne;
IV;Pz.Kpfw. II Ausf. J;80/50/50;80/50/50;80/50/50;40;320;;2;Pz.Kpfw. II Ausf. J;Allemagne;
IV;AMX 12 t;40/20/20;40/20/20;40/20/20;44;380;4,8;15;AMX 12 t;France;
IV;FCM F4;60/60/60;60/60/60;60/60/60;28;300;4,92;35;BDR G1 B;France;
IV;AMX ELC bis;14/12/2010;14/12/2010;14/12/2010;44;360;4,8;500;ELC AMX;France;
IV;Renault-Balland;80/60/60;80/60/60;80/60/60;26;340;4,7;25;AMX 40;France;
IV;B1 APX 4;46/46/46;46/46/46;46/46/46;44;330;5,24;2;B1;France;
IV;SP-3;37/37/25;37/37/25;37/37/25;50;330;5,17;13;A-20;Russie;
IV;A-32 mod. 1932;35/35/35;35/35/35;35/35/35;40.25;320;;32;A-32;Russie;
IV;BT-SV;25/25/25;25/25/25;25/25/25;39.38;280;;400;BT-SV;Russie;
IV;T-28 conical;20/20/20;20/20/20;20/20/20;44;340;4,37;25;T-28;Russie;
IV;T-34 mod. 1940;45/45/45;45/45/45;45/45/45;40;240;3,98;32;T-34;Russie;
IV;Valentine II;65/65/65;65/65/65;65/65/65;48.13;350;;2;Valentine II;Russie;
IV;M5A1;44/31/31;44/31/31;44/31/31;48;350;5;12;M5A1 Stuart;Chine;
IV;Type T-34;52/52/45;52/52/45;52/52/45;46;320;3,98;43;Type T-34;Chine;
IX;T119;298/197/152;298/197/152;298/197/152;25;400;50,5;122;T32;USA;
IX;T30D1;279/127/102;279/127/102;279/127/102;18;380;66;142;T30;USA;
IX;T34T7;279/127/203;279/127/203;279/127/203;18;360;;128;T34;USA;
IX;T140;127/127/51;127/127/51;127/127/51;32;390;55;136;M103;USA;
IX;T157;127/69/50;127/69/50;127/69/50;36;400;66;135;T54E1;USA;
IX;M46M67;114/76/76;114/76/76;114/76/76;40;410;52;97;M46 Patton;USA;
IX;Conqueror Mk. II;152/89/70;152/89/70;152/89/70;34;400;59;138;Conqueror;Royaume-Unis;
IX;Centurion Mk. 9;165/112/112;165/112/112;165/112/112;36;410;61;109;Centurion Mk. 7/1;Royaume-Unis;
IX;Tiger II Serienturm;185/80/80;185/80/80;185/80/80;25;390;52,37;10938;Pz.Kpfw. Tiger II;Allemagne;
IX;VK 45.02 (P) Ausf. B Schwerer Turm;252/160/160;252/160/160;252/160/160;18;400;48;1852;VK 45.02 (P) Ausf. B;Allemagne;
IX;E 50 Ausf. B;185/80/80;185/80/80;185/80/80;30;400;52;105;E-50;Allemagne;
IX;E 75 Ausf. B;252/160/160;252/160/160;252/160/160;18;400;59,5;1652;E-75;Allemagne;
IX;Porsche Standardpanzer;52/60/60;52/60/60;52/60/60;36;400;51,5;7218;Leopard prototyp A;Allemagne;
IX;AMX 50 120;100/80/60;100/80/60;100/80/60;32;390;60,7;153;AMX 50 120;France;
IX;?-44-100;120/100/100;120/100/100;120/100/100;48;380;48;78;T-44;Russie;
IX;T-10M;201/129/50;201/129/50;201/129/50;26;400;66,5;11;IS-8;Russie;
IX;ST-I;250/160/160;250/160/160;250/160/160;18;380;61;152;ST-I;Russie;
IX;T-54 mod. 1949;200/160/65;200/160/65;200/160/65;44;390;52;85;T-54;Russie;
IX;WZ-120-2;220/160/65;220/160/65;220/160/65;42;390;60;92;WZ-120;Chine;
IX;WZ-111;230/120/60;230/120/60;230/120/60;26;400;61;12;WZ-111 model 1-4;Chine;
V;D51072;63/63/63;63/63/63;63/63/63;37;370;11,5;5;M4 Sherman;USA;
V;D51072;63/63/63;63/63/63;63/63/63;38;330;10,3;48;M4A3E8 Sherman;USA;
V;M47;51/38/38;51/38/38;51/38/38;46;380;11,5;34;M7;USA;
V;M6D1;102/83/83;102/83/83;102/83/83;25;320;10;8;M6;USA;
V;Ram II D1;76.2/76.2/51;76.2/76.2/51;76.2/76.2/51;38;330;;48;Ram II;USA;
V;T14;101/101/101;101/101/101;101/101/101;26.25;330;;502;T14;USA;
V;T1D6;102/83/83;102/83/83;102/83/83;30;330;11,3;802;T1 Heavy Tank;USA;
V;M18 M34A1;25/13/13;25/13/13;25/13/13;16;370;9;23;M18 Hellcat;USA;
V;M36T74;76/25/25;76/25/25;76/25/25;16;370;9;45;M36 Jackson;USA;
V;M4A2E4D51066;76.2/50.8/50.8;76.2/50.8/50.8;76.2/50.8/50.8;39;370;;5;M4A2E4 Sherman;USA;
V;M4A2E2T110;152/152/152;152/152/152;152/152/152;32;330;14,12;54;M4A3E2 Sherman Jumbo;USA;
V;M10T72M1;57/25/25;57/25/25;57/25/25;16;370;10,3;44;M10 Wolverine;USA;
V;T49;25/19/13;25/19/13;25/19/13;18;350;10,1;33;T49;USA;
V;Churchill Mk. IV;89/76.2/76.2;89/76.2/76.2;89/76.2/76.2;32;350;8,35;75;Churchill VII;Royaume-Unis;
V;Matilda Black Prince;76/51/44;76/51/44;76/51/44;34;350;;88;Matilda Black Prince;Royaume-Unis;
V;Excelsior;114/92/92;114/92/92;114/92/92;36;350;;6;Excelsior;Royaume-Unis;
V;Churchill Mk. III;89/89/76.2;89/89/76.2;89/89/76.2;34;350;7,5;75;Churchill I;Royaume-Unis;
V;Crusader Mk. III;51/23.5/28.5;51/23.5/28.5;51/23.5/28.5;46;360;11;339;Crusader;Royaume-Unis;
V;T-25;60/60/35;60/60/35;60/60/35;22;320;;35;T-25;Allemagne;
V;Luchs 5 cm;50/30/30;50/30/30;50/30/30;38;360;4,7;2;Pz.Kpfw. II Luchs;Allemagne;
V;VK 16.02 Leopard;50/30/30;50/30/30;50/30/30;40;350;9,38;3;VK 16.02 Leopard;Allemagne;
V;VK 16.02 Leopard;50/30/30;50/30/30;50/30/30;44;350;9,38;3;Aufklärungspanzer Panther;Allemagne;
V;Pz.Kpfw. IV Hydrostatischer;50/30/30;50/30/30;50/30/30;44;330;;34;Pz.Kpfw. IV Hydraulic;Allemagne;
V;Pz.Kpfw. III/IV Ausf. B;50/30/30;50/30/30;50/30/30;53;320;11,33;4;Pz.Kpfw. III/IV;Allemagne;
V;Pz.Kpfw. IV Ausf. G;50/30/30;50/30/30;50/30/30;44;330;8,5;3;Pz.Kpfw. IV;Allemagne;
V;VK 36.01 (H);80/60/60;80/60/60;80/60/60;24;360;10,26;768;VK 30.01 (H);Allemagne;
V;VK 36.01 (H);80/60/60;80/60/60;80/60/60;24;360;9,68;768;VK 36.01 (H);Allemagne;
V;VK 30.02 (M);80/45/45;80/45/45;80/45/45;30;360;10;626;VK 30.02 (M);Allemagne;
V;Pz.Kpfw. III/IV Ausf. B;50/30/30;50/30/30;50/30/30;32;350;11,33;55;VK 30.01 (D);Allemagne;
V;VK 28.01 Ausf. A;50/30/30;50/30/30;50/30/30;44;370;4,5;3;VK 28.01;Allemagne;
V;FL 10 Type C;40/20/20;40/20/20;40/20/20;46;390;10,3;29;AMX 13 75;France;
V;FCM F1;100/60/60;100/60/60;100/60/60;20;320;8,35;7;ARL 44;France;
V;FCM F1;80/70/60;80/70/60;80/70/60;26;320;10,4;65;BDR G1 B;France;
V;Churchill III;88/88/76;88/88/76;88/88/76;34.13;350;;75;Churchill III;Russie;
V;KV-220 mod. 1;90/75/75;90/75/75;90/75/75;21.88;310;;702;KV-220 Beta-Test;Russie;
V;KV-220;90/75/75;90/75/75;90/75/75;21.88;310;;702;KV-220;Russie;
V;Matilda IV;75/75/75;75/75/75;75/75/75;34.13;350;;35;Matilda IV;Russie;
V;MT-25;45/40/40;45/40/40;45/40/40;48;350;9,9;325;MT-25;Russie;
V;KV-1S mod. 1942;82/75/75;82/75/75;82/75/75;28;320;9,9;702;KV-1S;Russie;
V;T-34 mod. 1942;52/52/45;52/52/45;52/52/45;49;350;10;39;T-34;Russie;
V;A-43;60/45/45;60/45/45;60/45/45;48;350;9,5;375;A-43;Russie;
V;KV-1 LKZ mod. 1940;95/75/75;95/75/75;95/75/75;24;310;9,38;702;KV-1;Russie;
V;MT-1;75/75/70;75/75/70;75/75/70;14;320;9,38;1105;KV-2;Russie;
V;T-150-KV;90/90/90;90/90/90;90/90/90;24;320;9,9;715;T-150;Russie;
V;KV-1 ChTZ mod. 1942;110/110/110;110/110/110;110/110/110;24;310;9,9;822;KV-1;Russie;
V;Type T-34M;52/52/45;52/52/45;52/52/45;48;350;10;45;Type T-34;Chine;
V;T-34-85;90/75/52;90/75/52;90/75/52;46;360;8,5;78;Type 58;Chine;
V;131;40/30/20;40/30/20;40/30/20;48;360;8,5;46;59-16;Chine;
VI;D51080;76.2/51/51;76.2/51/51;76.2/51/51;39;370;17,05;48;M4A3E8 Sherman;USA;
VI;M6D2;102/83/83;102/83/83;102/83/83;28;350;18,25;84;M6;USA;
VI;T123;279/127/101;279/127/101;279/127/101;26;330;15,2;84;T29;USA;
VI;T20D1;88.9/63.5/63.5;88.9/63.5/63.5;88.9/63.5/63.5;44;370;12,9;7;T20;USA;
VI;T21;28/25/25;28/25/25;28/25/25;42;390;17,05;45;T21;USA;
VI;T25/2T3;76/25/25;76/25/25;76/25/25;18;380;16,3;48;T25/2;USA;
VI;M18 M1;76/31/44;76/31/44;76/31/44;16;370;16,25;45;M18 Hellcat;USA;
VI;T37;38/25/25;38/25/25;38/25/25;39;400;15,5;32;M24 Chaffee;USA;
VI;M36T78;76/25/25;76/25/25;76/25/25;16;370;16,1;48;M36 Jackson;USA;
VI;M4A2E2D51080;76/50/50;76/50/50;76/50/50;39;370;17;48;M4A3E2 Sherman Jumbo;USA;
VI;Cromwell Mk. I;76/63.7/56.7;76/63.7/56.7;76/63.7/56.7;48;360;12,5;5;Cromwell;Royaume-Unis;
VI;Cromwell Mk. IV;76/63.7/56.7;76/63.7/56.7;76/63.7/56.7;48;360;12,84;5;Comet;Royaume-Unis;
VI;Churchill Mk. VII;152/95.25/95.25;152/95.25/95.25;152/95.25/95.25;32;360;17;8;Churchill VII;Royaume-Unis;
VI;TOG II;114/76/53;114/76/53;114/76/53;32;360;;8;TOG II*;Royaume-Unis;
VI;Cromwell Mk. IV;76/63.7/56.7;76/63.7/56.7;76/63.7/56.7;48;360;17,5;5;Cromwell;Royaume-Unis;
VI;VK 28.01 Ausf. B;50/30/30;50/30/30;50/30/30;44;390;17,5;4;VK 28.01;Allemagne;
VI;VK 28.01 Ausf. C;50/30/30;50/30/30;50/30/30;44;390;17,5;4;Aufklärungspanzer Panther;Allemagne;
VI;Pz.Kpfw. IV Ausf. H;50/30/30;50/30/30;50/30/30;44;350;13,24;36;Pz.Kpfw. IV;Allemagne;
VI;Pz.Kpfw. Panther Ausf. G;100/45/45;100/45/45;100/45/45;30;370;13,5;776;Pz.Kpfw. V Panther;Allemagne;
VI;Tiger (P) Turm Nr. 1;100/80/80;100/80/80;100/80/80;23;370;20,44;89;Pz.Kpfw. VI Tiger (P);Allemagne;
VI;Pz.Kpfw. IV Schmalturm;120/60/60;120/60/60;120/60/60;24;370;;853;Pz.Kpfw. IV Schmalturm;Allemagne;
VI;Pz.Kpfw. VI H Ausf. H2;100/80/80;100/80/80;100/80/80;24;370;14,56;825;VK 36.01 (H);Allemagne;
VI;Porsche Typ 100;80/60/60;80/60/60;80/60/60;33;350;16,92;6;VK 30.01 (P);Allemagne;
VI;VK 30.01 (P) Krupp Turm;100/82/82;100/82/82;100/82/82;28;370;21,2;8;VK 30.01 (P);Allemagne;
VI;VK 30.02 Ausf. A;100/45/45;100/45/45;100/45/45;30;370;17,2;776;VK 30.02 (M);Allemagne;
VI;ARL 44;110/30/30;110/30/30;110/30/30;22;330;20,43;65;ARL 44;France;
VI;ARL 44;80/45/45;80/45/45;80/45/45;32;330;14,52;4;AMX M4 mle. 45;France;
VI;IS-85;100/90/90;100/90/90;100/90/90;38;330;15;72;IS;Russie;
VI;T-220;100/100/100;100/100/100;100/100/100;24;330;10,63;10;KV-3;Russie;
VI;KV-85;100/90/90;100/90/90;100/90/90;28;330;17,5;762;KV-1S;Russie;
VI;T-34-85;90/75/52;90/75/52;90/75/52;46;350;12,5;7;T-34-85;Russie;
VI;A-44;75/75/75;75/75/75;75/75/75;48;360;14,5;425;A-43;Russie;
VI;A-44;75/75/75;75/75/75;75/75/75;48;360;12,84;425;A-44;Russie;
VI;?-43 mod. 1942;80/80/60;80/80/60;80/80/60;48;360;12,84;7;T-43;Russie;
VI;KV-13 mod. 1942;85/85/85;85/85/85;85/85/85;48;340;18,1;537;KV-13;Russie;
VI;MT-2;75/75/70;75/75/70;75/75/70;16;330;17,2;1205;KV-2;Russie;
VI;T-150-220;100/100/75;100/100/75;100/100/75;24;330;19,4;10;T-150;Russie;
VI;T-34M mod. 1941;45/45/45;45/45/45;45/45/45;48;370;16,5;35;MT-25;Russie;
VI;Type 58;90/75/52;90/75/52;90/75/52;48;370;16;79;Type 58;Chine;
VI;Type 64;25/12/2012;25/12/2012;25/12/2012;36;390;;45;Type 64;Chine;
VI;131-1;45/30/20;45/30/20;45/30/20;48;380;18;46;59-16;Chine;
VI;T-34-1;90/75/52;90/75/52;90/75/52;46;360;10;7;T-34-1;Chine;
VI;132A;45/30/20;45/30/20;45/30/20;48;380;7,8;475;WZ-131;Chine;
VI;IS-2 Early;100/90/90;100/90/90;100/90/90;28;350;15;75;IS-2;Chine;
VII;T136;279/127/102;279/127/102;279/127/102;26;380;25,5;91;T29;USA;
VII;T20D2;88.9/63.5/63.5;88.9/63.5/63.5;88.9/63.5/63.5;42;390;17,4;84;T20;USA;
VII;T71;22/22/22;22/22/22;22/22/22;42;400;17,4;3;T71;USA;
VII;T99E2;114/76.2/76.2;114/76.2/76.2;114/76.2/76.2;26;380;32,5;95;T32;USA;
VII;M26M71;114/76/76;114/76/76;114/76/76;36;390;21,8;8;M26 Pershing;USA;
VII;T25/2T7;76/25/25;76/25/25;76/25/25;18;380;21,1;55;T25/2;USA;
VII;Black Prince;152/95/95;152/95/95;152/95/95;30;370;22,5;10;Caernarvon;Royaume-Unis;
VII;Centurion Mk. I;127/76/76;127/76/76;127/76/76;38;380;15;84;Centurion Mk. I;Royaume-Unis;
VII;Black Prince;152.4/95.25/95.25;152.4/95.25/95.25;152.4/95.25/95.25;30;370;26,3;10;Black Prince;Royaume-Unis;
VII;Comet Mk. I;111/63/57;111/63/57;111/63/57;46;380;20;7;Comet;Royaume-Unis;
VII;Pz.Kpfw. Panther Schmalturm;120/60/60;120/60/60;120/60/60;30;380;22,3;7745;Pz.Kpfw. V Panther;Allemagne;
VII;Turm-Panther (schmale Blende);100/45/45;100/45/45;100/45/45;30;380;22,1;75;Panther II;Allemagne;
VII;Pz.Kpfw. VI H Ausf. H2;100/80/80;100/80/80;100/80/80;24;370;15,82;825;Pz.Kpfw. VI Tiger;Allemagne;
VII;Tiger (P) Neuer Turm;120/80/80;120/80/80;120/80/80;23;370;30,15;95;Pz.Kpfw. VI Tiger (P);Allemagne;
VII;VK 30.01 (D);80/45/45;80/45/45;80/45/45;32;370;19,26;66;VK 30.01 (D);Allemagne;
VII;VK 30.02 (D);80/45/45;80/45/45;80/45/45;32;370;19,26;6;VK 30.02 (D);Allemagne;
VII;Panther/M10;100/45/45;100/45/45;100/45/45;38;350;;85;Panther/M10;Allemagne;
VII;VK 45.02 (P) Ausf. A;100/80/80;100/80/80;100/80/80;30;380;18,5;112;VK 45.02 (P) Ausf. A;Allemagne;
VII;AMX M4 mle. 45;100/70/40;100/70/40;100/70/40;30;360;20,5;64;AMX M4 mle. 45;France;
VII;A-44 shielded;90/90/90;90/90/90;90/90/90;38;370;17,3;517;A-44;Russie;
VII;IS-122;100/90/90;100/90/90;100/90/90;28;350;26,3;75;IS;Russie;
VII;KV-3;130/115/115;130/115/115;130/115/115;22;340;21,93;123;KV-3;Russie;
VII;T-34-85 extended;90/75/52;90/75/52;90/75/52;46;360;15,55;78;T-34-85;Russie;
VII;?-43 mod. 1943;90/90/90;90/90/90;90/90/90;46;370;15,3;84;T-43;Russie;
VII;KV-5;180/150/140;180/150/140;180/150/140;21.25;350;;217;KV-5;Russie;
VII;KV-4;180/130/110;180/130/110;180/130/110;20;330;23,45;154;KV-4;Russie;
VII;KV-13 mod. 1943;100/90/90;100/90/90;100/90/90;48;360;20,5;97;KV-13;Russie;
VII;Object 416 mod. 1952;110/60/45;110/60/45;110/60/45;40;370;21;7;Object 416;Russie;
VII;T-34-1 model 2;170/120/60;170/120/60;170/120/60;44;370;24;93;T-34-1;Chine;
VII;132B;45/35/20;45/35/20;45/35/20;48;390;23;5;WZ-131;Chine;
VII;Type 62 B;45/35/20;45/35/20;45/35/20;48;390;;5;Type 62;Chine;
VII;IS-2 Late;100/90/90;100/90/90;100/90/90;28;350;25;75;IS-2;Chine;
VII;T-34-2;170/120/60;170/120/60;170/120/60;44;370;12,84;93;T-34-2;Chine;
VII;WZ-131-1;48/25/20;48/25/20;48/25/20;48;390;16;525;WZ-132;Chine;
VII;110;130/90/90;130/90/90;130/90/90;48;350;12;7;110;Chine;
VIII;M89;127/127/51;127/127/51;127/127/51;32;370;43,5;12;M103;USA;
VIII;M46M71;102/76/76;102/76/76;102/76/76;38;400;28;8;M46 Patton;USA;
VIII;M6A2E1D4;191/89/208;191/89/208;191/89/208;23;380;;12;M6A2E1;USA;
VIII;T26E4;102/76/76;102/76/76;102/76/76;24;380;;11;T26E4 Super Pershing;USA;
VIII;T28P D1;203.2/127/101.6;203.2/127/101.6;203.2/127/101.6;18;380;32;657;T28 Prototype;USA;
VIII;T178;101/76/50;101/76/50;101/76/50;38;400;46;7;T69;USA;
VIII;M26M67;114/76/76;114/76/76;114/76/76;38;400;46;97;M26 Pershing;USA;
VIII;Centurion Mk. III;165/112/112;165/112/112;165/112/112;36;400;32;104;Centurion Mk. I;Royaume-Unis;
VIII;Centurion Mk. III;165/112/112;165/112/112;165/112/112;36;400;50,5;104;Conqueror;Royaume-Unis;
VIII;Centurion Mk. 7;165/112/90;165/112/90;165/112/90;36;400;50,5;104;Centurion Mk. 7/1;Royaume-Unis;
VIII;Centurion Mk. II;165/112/90;165/112/90;165/112/90;36;400;31;104;Caernarvon;Royaume-Unis;
VIII;VK 45.02 (P) Ausf. A Schwerer Turm;185/80/80;185/80/80;185/80/80;25;390;33,55;1355;VK 45.02 (P) Ausf. A;Allemagne;
VIII;VK 45.02 (P) Ausf. B;220/150/150;220/150/150;220/150/150;26;390;31,5;135;VK 45.02 (P) Ausf. B;Allemagne;
VIII;VK 30.02 (D) Schmalturm;120/60/60;120/60/60;120/60/60;24;380;32,57;7745;VK 30.02 (D);Allemagne;
VIII;Panther II Schmalturm;120/60/60;120/60/60;120/60/60;30;390;28,55;7745;Panther II;Allemagne;
VIII;Pz.Kpfw. Tiger Ausf. E;100/82/82;100/82/82;100/82/82;23;380;33,22;895;Pz.Kpfw. VI Tiger;Allemagne;
VIII;Tiger II Turm Nr. 1-50;100/80/80;100/80/80;100/80/80;27;380;28,32;9638;Pz.Kpfw. Tiger II;Allemagne;
VIII;Indien-Panzer;90/90/45;90/90/45;90/90/45;36;380;29;92;Indien-Panzer;Allemagne;
VIII;Leopard prototyp A2;52/60/60;52/60/60;52/60/60;36;390;32,7;7018;Leopard prototyp A;Allemagne;
VIII;E 50 Ausf. A;120/60/60;120/60/60;120/60/60;30;390;31,7;8438;E-50;Allemagne;
VIII;E 75 Ausf. A;185/80/80;185/80/80;185/80/80;24;390;28;10938;E-75;Allemagne;
VIII;Löwe;120/80/80;120/80/80;120/80/80;23;400;;15;Löwe;Allemagne;
VIII;FL 10 Type D;40/20/20;40/20/20;40/20/20;46;400;25;267;AMX 13 90;France;
VIII;AMX 50 100;90/30/30;90/30/30;90/30/30;32;380;25;128;AMX 50 100;France;
VIII;FCM 50 t;120/80/60;120/80/60;120/80/60;36;400;;9;FCM 50 t;France;
VIII;Lorraine 40 t;45/30/20;45/30/20;45/30/20;38;400;32;75;Lorraine 40 t;France;
VIII;Object 416 mod. 1953;110/75/45;110/75/45;110/75/45;40;380;35;7;Object 416;Russie;
VIII;Kirovets-1;150/90/80;150/90/80;150/90/80;28;330;30;112;IS-3;Russie;
VIII;IS-3;220/220/220;220/220/220;220/220/220;26;350;31,5;115;IS-3;Russie;
VIII;T-44;120/90/75;120/90/75;120/90/75;48;370;28;7;T-44;Russie;
VIII;T-10;201/129/50;201/129/50;201/129/50;26;380;33,68;11;IS-8;Russie;
VIII;Object 701-1;170/170/160;170/170/160;170/170/160;22;360;33,68;13;ST-I;Russie;
VIII;T-54 mod. 1946;200/108/65;200/108/65;200/108/65;48;390;31,4;75;T-54;Russie;
VIII;KV-4-5;180/150/140;180/150/140;180/150/140;20;350;31;24;KV-4;Russie;
VIII;IS-6;150/150/100;150/150/100;150/150/100;24;350;;125;IS-6;Russie;
VIII;Type59 B;200/130/60;200/130/60;200/130/60;46;380;;85;Type 59;Chine;
VIII;T-34-2 model 2;180/120/60;180/120/60;180/120/60;46;380;35;11;T-34-2;Chine;
VIII;WZ-132;55/35/20;55/35/20;55/35/20;48;400;32;55;WZ-132;Chine;
VIII;T-10;201/148/50;201/148/50;201/148/50;26;380;33,2;11;110;Chine;
VIII;T-34-3;190/120/60;190/120/60;190/120/60;46;380;;11;T-34-3;Chine;
VIII;WZ-111 model 2;230/120/60;230/120/60;230/120/60;26;380;;12;WZ-111;Chine;
VIII;WZ-120;200/130/60;200/130/60;200/130/60;46;380;28;85;WZ-120;Chine;
VIII;112;240/130/60;240/130/60;240/130/60;26;380;;12;112;Chine;
VIII;IS-3;220/220/220;220/220/220;220/220/220;24;380;28;115;WZ-111 model 1-4;Chine;
X;M60;177/76/50;177/76/50;177/76/50;42;420;;84;M60;USA;
X;M87;178/76/51;178/76/51;178/76/51;40;420;66;82;M48A1 Patton;USA;
X;T110E4;203/152/152;203/152/152;203/152/152;18;400;66;20;T110E4;USA;
X;T53;203/127/70;203/127/70;203/127/70;32;400;66;11;T110E5;USA;
X;T169;127/137/50;127/137/50;127/137/50;36;400;66;145;T57 Heavy Tank;USA;
X;FV215b;254/152/101;254/152/101;254/152/101;34;410;66;165;FV215b;Royaume-Unis;
X;FV4202;196/196/35;196/196/35;196/196/35;40;410;66;85;FV4202;Royaume-Unis;
X;Leopard 1;52/60/60;52/60/60;52/60/60;36;410;66;7;Leopard 1;Allemagne;
X;E 50 Ausf. M;185/80/80;185/80/80;185/80/80;30;400;66;141;E-50 Ausf. M;Allemagne;
X;E 100;250/150/150;250/150/150;250/150/150;20;400;66;58;E-100;Allemagne;
X;Maus;240/210/210;240/210/210;240/210/210;14;400;66;58;Maus;Allemagne;
X;Waffenträger auf E 100;20/10/2008;20/10/2008;20/10/2008;24;420;100;10;Waffenträger auf E 100;Allemagne;
X;AMX 50 B;100/50/30;100/50/30;100/50/30;36;400;66;175;AMX 50 B;France;
X;Batignolles-Châtillon 25 t;50/30/15;50/30/15;50/30/15;38;400;37;57;Bat.-Châtillon 25 t;France;
X;Object 140;240/183/65;240/183/65;240/183/65;40;400;52;82;Object 140;Russie;
X;IS-7;240/185/94;240/185/94;240/185/94;25;400;66;142;IS-7;Russie;
X;T-62A;240/161/65;240/161/65;240/161/65;48;400;66;8;T-62A;Russie;
X;IS-4M;250/200/170;250/200/170;250/200/170;22;400;61,1;142;IS-4;Russie;
X;121;240/130/60;240/130/60;240/130/60;40;400;66;10;121;Chine;
X;113;240/160/80;240/160/80;240/160/80;26;400;61,1;12;113;Chine;
